Site,Fan.number,State.T1,Area.T1,State.T2,Area.T2,State.T3,Area.T3,State.T4,Area.T4,State.T5,Area.T5,Infected.T1,Infected.T2,Infected.T3,Infected.T4,Infected.T5,Lesion.T1,Lesion.T2,Lesion.T3,Lesion.T4,Lesion.T5
Half Moon,12,H,254.57,H,271.9,H,324.96,H,322.8,NA,NA,0,0,0,0,0,0,0,0,0,0
Half Moon,13,H,621.28,P,621.4,P,734,P,586.6,P,566.5,0,0,0,0,0,0,0,0,0,0
Half Moon,14,H,515.63,H,542.39,H,572.58,H,590.9,NA,NA,0,0,0,0,0,0,0,0,0,0
Half Moon,15,P,405.48,NA,NA,P,464.55,P,391.4,NA,NA,0,0,0,0,0,0,0,0,0,0
Half Moon,67,H,414.8,I,451.76,H,621.287,H,407.6,P,354.2,0,4.363,0.565,0,0,0,4.037,0,0,0
Half Moon,68,I,812,NA,NA,NA,NA,I,1169.6,I,880.7,39.3,0,0,21.864,29.073,39.3,0,0,21.864,29.073
Half Moon,70,P,469.2,P,532.66,P,884.77,P,827.3,NA,NA,0,0,0,0,0,0,0,0,0,0
Half Moon,71,H,196.1,H,189.3,H,258.3,H,295.1,H,270.7,0,0,0,0,0,0,0,0,0,0
Half Moon,72,H,259.79,H,351.57,NA,NA,NA,NA,NA,NA,0,0,0,0,0,0,0,0,0,0
Half Moon,73,H,749.43,H,868.22,H,1107.87,H,949,H,862.8,0,0,0,0,0,0,0,0,0,0
Half Moon,78,H,488.18,H,639.69,NA,NA,H,617.9,NA,NA,0,0,0,0,0,0,0,0,0,0
Half Moon,79,H,1033.45,H,1039.57,P,1440.98,P,1161.8,NA,NA,0,0,0,0,0,0,0,0,0,0
Half Moon,80,H,296.3,I,411.04,H,608.94,H,505.7,NA,NA,0,18.19,0,0,0,0,18.19,0,0,0
Half Moon,82,NA,NA,NA,NA,NA,NA,I,2168.2,H,1977.6,0,0,0,13.27,0,0,0,0,13.27,0
Half Moon,86,H,2434.9,H,2616.05,H,2647.66,NA,NA,H,3132.9,0,0,0,0,0,0,0,0,0,0
Half Moon,87,NA,NA,NA,NA,NA,NA,I,280.4,D,NA,0,0,0,10.27,0,0,0,0,10.27,0
Half Moon,89,H,610.22,H,707.44,H,831.65,NA,NA,NA,NA,0,0,0,0,0,0,0,0,0,0
Half Moon,90,H,554.85,H,552.31,H,575.14,I,466.5,H,466.2,0,0,0,41.35,0,0,0,0,41.35,0
Half Moon,92,H,101.39,I,90.97,NA,NA,NA,NA,I,80,0,NA,0,0,NA,0,NA,0,0,NA
Half Moon,93,H,898.1,H,931.68,H,1504.44,I,1769,NA,NA,0,0,0,3.43,0,0,0,0,3.43,0
Half Moon,94,I,133.12,I,187.87,I,267.24,NA,NA,H,177.5,0.497,0.991,NA,0,0,0.497,0.991,NA,0,0
Half Moon,98,H,1638.5,H,2065.11,H,2705.23,H,2434.6,H,2179.7,0,0,0,0,0,0,0,0,0,0
Half Moon,99,H,471.27,H,565.82,H,701.95,H,488.1,H,NA,0,0,0,0,0,0,0,0,0,0
Half Moon,100,H,62.8,NA,NA,H,160.52,NA,NA,H,233.1,0,0,0,0,0,0,0,0,0,0
Half Moon,102,P,344.26,I,413.46,I,495.807,I,444.5,NA,NA,0,16.16,6.547,26.072,0,0,16.16,6.547,26.072,0
Half Moon,103,P,1370.12,P,1395.75,I,597.54,NA,NA,NA,NA,2.54,0,NA,0,0,2.54,0,NA,0,0
Half Moon,104,H,73.46,H,88,H,132.64,H,208.9,H,286,0,0,0,0,0,0,0,0,0,0
Half Moon,106,H,501.69,H,514.63,NA,NA,I,575.2,H,618.1,0,0,0,1.05,0,0,0,0,1.05,0
Half Moon,107,P,960.15,P,NA,P,949.59,P,NA,NA,NA,0,0,0,0.81,0,0,0,0,0.81,0
Half Moon,108,H,677.63,P,784.03,NA,NA,NA,NA,NA,NA,0,0,0,0,0,0,0,0,0,0
Half Moon,110,NA,NA,H,555.72,H,610.99,P,857.5,NA,NA,0,0,0,0,0,0,0,0,0,0
Half Moon,111,H,546.93,H,563.38,H,730.87,H,817,H,723.9,0,0,0,0,0,0,0,0,0,0
Half Moon,112,H,62.64,H,57.68,H,58.16,H,55.4,NA,NA,0,0,0,0,0,0,0,0,0,0
Half Moon,113,H,251.73,H,344.05,NA,NA,NA,NA,NA,NA,0,0,0,0,0,0,0,0,0,0
Half Moon,114,H,184.3,H,219.56,H,323.03,NA,NA,NA,NA,0,0,0,0,0,0,0,0,0,0
Half Moon,116,H,315.77,I,409.82,H,435.66,H,NA,H,NA,0,4.396,0,0,0,0,4.396,0,0,0
Half Moon,117,H,1402.19,H,1351.77,H,1644.18,H,1340.9,H,1469.5,0,0,0,0,0,0,0,0,0,0
Half Moon,121,I,69.86,I,60.83,I,53.83,NA,NA,NA,NA,1.074,2.842,1.626,0,0,1.074,2.842,1.626,0,0
Half Moon,122,H,255.23,H,370.15,NA,NA,I,374.7,H,349.9,0,0,0,4.741,0,0,0,0,4.741,0
Half Moon,123,H,166.13,H,191.76,NA,NA,H,173.1,H,200,0,0,0,0,0,0,0,0,0,0
Half Moon,125,H,259.15,H,267.89,H,337.25,H,293,H,239.8,0,0,0,0,0,0,0,0,0,0
Half Moon,127,H,208.14,H,219.39,H,253.67,H,336.7,H,370.4,0,0,0,0,0,0,0,0,0,0
Half Moon,133,H,4.06,NA,NA,NA,NA,S,45.9,NA,NA,0,0,0,0,0,0,0,0,0,0
Half Moon,136,H,62,NA,NA,H,96.3,NA,NA,NA,NA,0,0,0,0,0,0,0,0,0,0
Half Moon,137,I,363.44,I,177.22,NA,NA,NA,NA,D,NA,NA,NA,0,0,0,NA,NA,0,0,0
Half Moon,138,P,281.11,P,356.71,NA,NA,S,413.6,NA,348.8,4.907,4.67,0,0.794,0,2.863,4.67,0,0,0
Half Moon,139,I,516.41,I,483.67,NA,543.48,I,524.3,NA,NA,22.189,24.307,0,48.917,0,0,0,0,0,0
Half Moon,140,H,278.32,H,289.53,H,324.19,H,320,H,267.9,0,0,0,0,0,0,0,0,0,0
Half Moon,142,I,1139.75,I,980.95,I,1126.43,I,740.03,I,301.7,16.455,21.303,89.047,333.246,68.783,16.455,21.303,32.294,3.954,0
Half Moon,145,H,372.77,H,439.82,H,595.04,NA,NA,NA,NA,0,0,0,0,0,0,0,0,0,0
Half Moon,146,H,591.55,I,769.01,I,662.05,NA,686.7,NA,795.4,36.783,39.034,141.745,0,0,0,0,0,0,0
Half Moon,147,H,116.16,H,107.92,H,151.575,NA,NA,NA,NA,0,0,0,0,0,0,0,0,0,0
Half Moon,150,H,66.5,NA,NA,H,130.58,NA,NA,NA,NA,0,0,0,0,0,0,0,0,0,0
Half Moon,153,P,368.18,P,471.43,P,486.39,P,573.6,H,650.7,0,0,0,0,0,0,0,0,0,0
Half Moon,154,H,1583.95,H,2034.73,P,2802.83,P,1810.9,NA,NA,0,0,0,0,0,0,0,0,0,0
Half Moon,155,NA,NA,NA,NA,NA,NA,H,26.1,H,39,0,0,0,0,0,0,0,0,0,0
Half Moon,161,H,135.44,H,147.23,H,192.07,NA,180.3,I,164.2,0,0,0,0,1.622,0,0,0,0,0
Half Moon,163,H,616.98,H,579.22,H,699.51,P,623.4,NA,NA,0,0,0,0,0,0,0,0,0,0
Half Moon,166,H,55.78,H,76.75,H,95.426,H,134.9,H,166,0,0,0,0,0,0,0,0,0,0
Half Moon,167,H,146.64,H,162.07,H,179.24,H,245.6,H,245.6,0,0,0,0,0,0,0,0,0,0
Half Moon,168,H,353.57,H,NA,H,403.89,NA,NA,NA,NA,0,0,0,0,0,0,0,0,0,0
Half Moon,169,NA,NA,NA,NA,H,47.804,NA,NA,NA,NA,0,0,0,0,0,0,0,0,0,0
Half Moon,170,H,902.83,H,933.02,H,1344.36,H,1208.2,NA,NA,0,0,0,0,0,0,0,0,0,0
Half Moon,171,H,919.78,H,913.66,H,1424.18,NA,NA,NA,NA,0,0,0,0,0,0,0,0,0,0
Half Moon,172,H,39.13,H,45.63,H,93.42,H,119.9,H,191.3,0,0,0,0,0,0,0,0,0,0
Half Moon,173,I,804.89,I,962.14,I,1200.67,I,1235.3,NA,NA,11.032,9.009,16.89,2.555,25.314,11.032,9.009,16.89,2.555,25.314
Half Moon,175,NA,NA,H,300,H,483.21,NA,NA,NA,NA,0,0,0,0,0,0,0,0,0,0
Half Moon,181,H,30.9,NA,NA,NA,NA,H,38.9,H,22.5,0,0,0,0,0,0,0,0,0,0
Half Moon,182,H,2106.76,H,2191.23,H,1989.84,NA,NA,NA,NA,0,0,0,0,0,0,0,0,0,0
Half Moon,183,H,325.79,I,324.58,NA,NA,NA,NA,NA,NA,0,4.653,0,0,0,0,2.18,0,0,0
Half Moon,184,NA,NA,H,786.1,H,NA,H,750.1,H,982,0,0,0,0,0,0,0,0,0,0
Half Moon,185,H,606.79,H,752.84,H,838.85,NA,NA,NA,NA,0,0,0,0,0,0,0,0,0,0
Half Moon,186,H,1608.16,H,1556.95,H,2141.2,H,1955,H,2112.9,0,0,0,0,0,0,0,0,0,0
Half Moon,187,NA,1232.23,NA,1238.36,NA,1192.76,NA,1397.2,H,524.9,0,0,0,0,0,0,0,0,0,0
Half Moon,188,H,312.79,H,320.8,NA,NA,H,430.1,NA,NA,0,0,0,0,0,0,0,0,0,0
Half Moon,190,I,1076.04,NA,NA,I,1089.08,NA,NA,D,NA,NA,0,NA,0,0,NA,0,NA,0,0
Half Moon,199,I,548.55,I,700.71,I,713.03,I,1026.42,I,501.9,11.772,12.733,32.656,837.378,362.693,0,0,0,0,0
Half Moon,673,H,4.4,H,8,H,20.98,NA,NA,NA,NA,0,0,0,0,0,0,0,0,0,0
Half Moon,675,H,22.4,NA,NA,H,47.75,H,52,H,52.7,0,0,0,0,0,0,0,0,0,0
Half Moon,677,H,80.9,H,87.28,H,117.23,H,190.6,H,214.9,0,0,0,0,0,0,0,0,0,0
Half Moon,680,NA,NA,NA,NA,H,38.47,H,87.9,H,69.6,0,0,0,0,0,0,0,0,0,0
Half Moon,682,NA,NA,NA,NA,I,28.936,NA,NA,NA,NA,0,0,3.567,0,0,0,0,0,0,0
Half Moon,683,H,37,H,51.07,NA,NA,NA,NA,NA,NA,0,0,0,0,0,0,0,0,0,0
Half Moon,685,H,24.07,H,15.79,H,52.68,H,81.9,H,79.7,0,0,0,0,0,0,0,0,0,0
Half Moon,686,NA,NA,NA,NA,H,57.03,H,60,NA,NA,0,0,0,0,0,0,0,0,0,0
Half Moon,310,NA,NA,NA,NA,NA,NA,S,69.6,D,NA,0,0,0,4.827,0,0,0,0,0,0
Half Moon,311,NA,NA,NA,NA,NA,NA,H,19.5,H,20,0,0,0,0,0,0,0,0,0,0
Half Moon,314,NA,NA,NA,NA,NA,NA,H,48.2,H,89.3,0,0,0,0,0,0,0,0,0,0
Half Moon,316,NA,NA,NA,NA,NA,NA,H,10,D,NA,0,0,0,0,0,0,0,0,0,0
Half Moon,317,NA,NA,NA,NA,NA,NA,H,24.5,H,28.7,0,0,0,0,0,0,0,0,0,0
Half Moon,320,NA,NA,NA,NA,NA,NA,I,16.7,D,NA,0,0,0,15.046,0,0,0,0,0,0
Half Moon,321,NA,NA,NA,NA,NA,NA,H,52.5,H,67.9,0,0,0,0,0,0,0,0,0,0
Half Moon,322,NA,NA,NA,NA,NA,NA,H,14.6,H,10.1,0,0,0,0,0,0,0,0,0,0
Half Moon,323,NA,NA,NA,NA,NA,NA,P,25.8,D,NA,0,0,0,0,0,0,0,0,0,0
Half Moon,324,NA,NA,NA,NA,NA,NA,H,113.2,H,136.1,0,0,0,0,0,0,0,0,0,0
Half Moon,325,NA,NA,NA,NA,NA,NA,H,16.7,H,32.4,0,0,0,0,0,0,0,0,0,0
Half Moon,351,NA,NA,NA,NA,NA,NA,H,188.7,H,326.1,0,0,0,0,0,0,0,0,0,0
Half Moon,352,NA,NA,NA,NA,NA,NA,H,27.7,H,29.9,0,0,0,0,0,0,0,0,0,0
Half Moon,355,NA,NA,NA,NA,NA,NA,H,22.8,D,NA,0,0,0,0,0,0,0,0,0,0
Half Moon,360,NA,NA,NA,NA,NA,NA,H,76.8,H,133.2,0,0,0,0,0,0,0,0,0,0
Half Moon,361,NA,NA,NA,NA,NA,NA,H,6.4,D,NA,0,0,0,0,0,0,0,0,0,0
Half Moon,366,NA,NA,NA,NA,NA,NA,H,29.7,D,NA,0,0,0,0,0,0,0,0,0,0
Half Moon,365,NA,NA,NA,NA,NA,NA,H,303.6,H,321,0,0,0,0,0,0,0,0,0,0
Half Moon,367,NA,NA,NA,NA,NA,NA,H,37.4,H,26.8,0,0,0,0,0,0,0,0,0,0
Half Moon,371,NA,NA,NA,NA,NA,NA,H,358.3,H,375.3,0,0,0,0,0,0,0,0,0,0
Half Moon,373,NA,NA,NA,NA,NA,NA,P,997.1,I,1042.1,0,0,0,0.504,10.97,0,0,0,0.504,10.97
Half Moon,374,NA,NA,NA,NA,NA,NA,NA,57.9,H,77.4,0,0,0,0,0,0,0,0,0,0
Half Moon,375,NA,NA,NA,NA,NA,NA,H,151.3,H,153.5,0,0,0,0,0,0,0,0,0,0
Half Moon,504,NA,NA,NA,NA,NA,NA,H,674.8,H,639.7,0,0,0,0,0,0,0,0,0,0
Half Moon,509,NA,NA,NA,NA,NA,NA,H,171.3,H,389.6,0,0,0,0,0,0,0,0,0,0
Half Moon,687,NA,NA,NA,NA,NA,NA,H,6.7,H,14.7,0,0,0,0,0,0,0,0,0,0
Half Moon,688,NA,NA,H,21.3,H,23.36,NA,NA,NA,NA,0,0,0,0,0,0,0,0,0,0
Half Moon,689,H,34.88,H,32.43,H,69.18,H,78.1,H,81.8,0,0,0,0,0,0,0,0,0,0
Half Moon,690,H,7.09,H,14.46,NA,NA,H,35.7,S,8.7,0,0,0,0,0,0,0,0,0,0
Half Moon,691,NA,NA,NA,NA,NA,NA,H,127.5,H,138.8,0,0,0,0,0,0,0,0,0,0
Half Moon,693,H,28.68,H,38.6,H,60.65,NA,NA,NA,NA,0,0,0,0,0,0,0,0,0,0
Half Moon,702,NA,NA,H,13.6,H,43.37,H,82.88,H,156.3,0,0,0,0,0,0,0,0,0,0
Half Moon,703,NA,NA,NA,NA,NA,NA,H,125.2,H,306.16,0,0,0,0,0,0,0,0,0,0
Half Moon,704,H,50.08,H,66.42,H,57,NA,NA,H,119.8,0,0,0,0,0,0,0,0,0,0
Half Moon,705,NA,NA,H,65,S,14,NA,NA,NA,NA,0,0,0,0,0,0,0,0,0,0
Half Moon,706,H,40.17,H,47.26,NA,NA,H,65.9,NA,NA,0,0,0,0,0,0,0,0,0,0
Half Moon,707,H,137.4,NA,NA,H,372.74,H,530.1,H,622.33,0,0,0,0,0,0,0,0,0,0
Half Moon,708,H,19.72,H,30.79,H,30.9,H,38.8,H,37.65,0,0,0,0,0,0,0,0,0,0
Half Moon,801,NA,NA,NA,NA,H,745.87,H,1219.73,H,1338.07,0,0,0,0,0,0,0,0,0,0
Half Moon,802,NA,NA,NA,NA,H,47.99,H,130.9,H,172.7,0,0,0,0,0,0,0,0,0,0
Half Moon,803,NA,NA,NA,NA,H,11.32,NA,NA,NA,NA,0,0,0,0,0,0,0,0,0,0
Half Moon,804,NA,NA,NA,NA,H,25.67,H,63.4,NA,NA,0,0,0,0,0,0,0,0,0,0
Half Moon,805,NA,NA,NA,NA,H,12.23,H,33.12,NA,NA,0,0,0,0,0,0,0,0,0,0
Half Moon,806,NA,NA,NA,NA,H,41.12,H,70.6,H,76.65,0,0,0,0,0,0,0,0,0,0
Half Moon,807,NA,NA,NA,NA,H,31,NA,NA,H,120.5,0,0,0,0,0,0,0,0,0,0
Half Moon,810,NA,NA,NA,NA,H,897.99,H,1617.8,H,1765.95,0,0,0,0,0,0,0,0,0,0
Half Moon,811,NA,NA,NA,NA,H,35.94,NA,NA,H,146.6,0,0,0,0,0,0,0,0,0,0
Half Moon,812,NA,NA,NA,NA,H,10.46,I,29.6,D,NA,0,0,0,29.6,0,0,0,0,0,0
Half Moon,813,NA,NA,NA,NA,H,6.49,H,25.6,NA,NA,0,0,0,0,0,0,0,0,0,0
Half Moon,814,NA,NA,NA,NA,S,12.39,H,36.8,H,39.1,0,0,0,0,0,0,0,0,0,0
Half Moon,815,NA,NA,NA,NA,H,4.51,NA,NA,NA,NA,0,0,0,0,0,0,0,0,0,0
Half Moon,816,NA,NA,NA,NA,H,69.72,NA,NA,NA,NA,0,0,0,0,0,0,0,0,0,0
Half Moon,818,NA,NA,NA,NA,H,61.78,H,92.4,NA,NA,0,0,0,0,0,0,0,0,0,0
Half Moon,819,NA,NA,NA,NA,H,714.78,NA,NA,I,5,0,0,0,0,NA,0,0,0,0,NA
Half Moon,820,NA,NA,NA,NA,H,30.11,NA,NA,NA,NA,0,0,0,0,0,0,0,0,0,0
Half Moon,821,NA,NA,NA,NA,H,17.92,NA,NA,NA,NA,0,0,0,0,0,0,0,0,0,0
Half Moon,822,NA,NA,NA,NA,H,521.61,H,695.1,H,871.8,0,0,0,0,0,0,0,0,0,0
Half Moon,823,NA,NA,NA,NA,H,18.26,H,45.7,NA,NA,0,0,0,0,0,0,0,0,0,0
Half Moon,824,NA,NA,NA,NA,H,37.17,I,78.3,NA,NA,0,0,0,13.789,0,0,0,0,13.789,0
Half Moon,825,NA,NA,NA,NA,H,28.17,H,37.2,NA,NA,0,0,0,0,0,0,0,0,0,0
Yal Ku,48,P,837.02,P,661,P,905.51,NA,NA,H,196,0,0,4.886,0,0,0,0,3.299,0,0
Yal Ku,50,H,830.17,H,NA,H,847.77,H,762.071,H,807.8,0,0,0,0,0,0,0,0,0,0
Yal Ku,54,H,318.82,I,244.83,NA,243,NA,NA,H,210,0,NA,0,0,0,0,NA,0,0,0
Yal Ku,55,H,1471.06,H,1555.17,NA,NA,NA,NA,NA,NA,0,0,0,0,0,0,0,0,0,0
Yal Ku,56,H,591.48,S,615.88,D,NA,NA,NA,NA,NA,4.75,616.88,0,0,0,0,0,0,0,0
Yal Ku,57,H,899.14,I,844.91,NA,NA,I,1085,NA,NA,0,NA,0,6.193,0,0,NA,0,6.193,0
Yal Ku,58,H,100.85,H,109.05,NA,NA,NA,NA,NA,NA,0,0,0,0,0,0,0,0,0,0
Yal Ku,59,H,383.29,NA,NA,I,380.194,H,460.144,NA,NA,0,0,26.088,0,0,0,0,26.088,0,0
Yal Ku,60,H,134,NA,NA,H,341.89,H,342.173,H,381.8,0,0,0,0,0,0,0,0,0,0
Yal Ku,65,H,115.88,NA,130.81,D,NA,NA,NA,NA,NA,0,0,0,0,0,0,0,0,0,0
Yal Ku,67,H,152.24,H,166.74,H,174.59,H,183.607,H,175.5,0,0,0,0,0,0,0,0,0,0
Yal Ku,68,H,596.49,H,688.85,NA,NA,NA,NA,NA,NA,0,0,0,0,0,0,0,0,0,0
Yal Ku,69,H,2128.79,I,1705.14,H,1546.91,H,2022.234,H,1982.5,0,13.303,0,0,0,0,13.303,0,0,0
Yal Ku,75,H,725.52,NA,NA,H,762,NA,NA,H,NA,0,0,0,0,0,0,0,0,0,0
Yal Ku,76,H,493.29,H,465.05,H,340.23,NA,NA,H,552.9,5.425,0,0,0,0,0,0,0,0,0
Yal Ku,77,H,262.16,H,307.4,NA,NA,NA,NA,NA,NA,0,0,0,0,0,0,0,0,0,0
Yal Ku,80,H,860.99,H,853.18,H,1036.43,NA,NA,H,1249.1,0,0,0,0,0,0,0,0,0,0
Yal Ku,81,H,1293.75,H,1618.5,H,1961.8,NA,NA,H,1661.7,0,0,0,0,0,0,0,0,0,0
Yal Ku,82,H,349.85,H,438.67,H,495.27,H,498.695,H,391.7,0,0,0,0,0,0,0,0,0,0
Yal Ku,83,H,229.53,H,442.81,H,448.26,H,502.35,NA,NA,0,0,0,0,0,0,0,0,0,0
Yal Ku,84,H,1120.13,H,1457.25,NA,NA,H,1508.481,H,1570,0,0,0,0,0,0,0,0,0,0
Yal Ku,93,H,643.68,H,1002.61,H,861.49,H,742.724,NA,NA,0,0,0,0,0,0,0,0,0,0
Yal Ku,94,H,764.1,H,794.88,H,942.77,H,979.556,H,1088.1,0,0,0,0,0,0,0,0,0,0
Yal Ku,95,H,414.56,H,426.02,NA,NA,NA,NA,NA,NA,0,0,0,0,0,0,0,0,0,0
Yal Ku,102,H,578.45,H,657.42,I,461,NA,NA,H,637.8,0,0,NA,0,0,0,0,NA,0,0
Yal Ku,103,H,79.97,I,78.99,I,129.54,D,NA,NA,NA,0,4.279,105.439,0,0,0,4.279,0,0,0
Yal Ku,105,H,241.55,H,278.71,H,343.86,P,302.531,NA,NA,0,0,0,0,0,0,0,0,0,0
Yal Ku,106,H,166.21,I,149.79,H,175.31,H,236.191,H,285.3,0.679,1.279,0,0,0,0.679,1.279,0,0,0
Yal Ku,107,H,209.02,H,210,H,254.795,H,275.695,H,269.9,0,0,0,0,0,0,0,0,0,0
Yal Ku,110,P,1936.31,P,2206.11,P,1843.69,I,1858.076,P,1827.7,17.255,7.004,45.713,63.98,65.065,4.796,7.004,0,4.907,0
Yal Ku,115,H,266.55,H,320.01,NA,NA,NA,NA,NA,NA,0,0,0,0,0,0,0,0,0,0
Yal Ku,116,H,141.96,H,162.46,H,166.41,NA,NA,NA,NA,0,0,0,0,0,0,0,0,0,0
Yal Ku,118,NA,NA,H,1193,H,943,NA,NA,NA,NA,0,0,0,0,0,0,0,0,0,0
Yal Ku,119,H,481.16,H,454.1,H,662.42,H,508.039,NA,NA,0,0,0,0,0,0,0,0,0,0
Yal Ku,121,H,155.48,H,163.14,H,229,NA,NA,NA,NA,0,0,0,0,0,0,0,0,0,0
Yal Ku,122,H,931.78,P,1043.91,P,NA,I,758.526,NA,NA,6.965,0,0,7.311,0,6.965,0,0,7.311,0
Yal Ku,123,H,160.83,H,216.34,H,224.08,NA,NA,NA,NA,0,0,0,0,0,0,0,0,0,0
Yal Ku,124,H,149.84,H,215.49,I,NA,I,220.972,H,275.1,0,0,1.092,57.87,0,0,0,0,57.87,0
Yal Ku,126,H,754.68,I,781.6,I,745.06,NA,NA,NA,NA,14.686,NA,13.572,0,0,14.686,NA,13.572,0,0
Yal Ku,127,H,92.56,H,127.73,H,137.6,H,157.156,H,176.9,0,0,0,0,0,0,0,0,0,0
Yal Ku,128,H,328.76,I,300.67,I,200,I,237.223,I,202,0,NA,NA,NA,NA,0,NA,NA,NA,NA
Yal Ku,129,H,873.43,H,1219.41,I,1241.13,NA,NA,H,1224.1,0,0,22.231,7.278,0,0,0,22.231,7.278,0
Yal Ku,132,H,119.1,H,110.7,H,188.65,NA,NA,NA,NA,0,0,0,0,0,0,0,0,0,0
Yal Ku,133,H,332.45,I,230,D,NA,NA,NA,D,NA,0,30.625,0,0,0,0,0,0,0,0
Yal Ku,134,H,403.6,H,530.67,H,610.06,NA,NA,H,673,0,0,0,0,0,0,0,0,0,0
Yal Ku,136,H,341.24,H,387.18,H,420.73,H,480.819,H,511.8,0,0,0,0,0,0,0,0,0,0
Yal Ku,137,H,287.1,H,314.6,NA,NA,NA,NA,NA,NA,0,0,0,0,0,0,0,0,0,0
Yal Ku,138,H,318.41,H,438.22,H,381.64,H,401.679,H,467.3,0,0,0,0,0,0,0,0,0,0
Yal Ku,139,H,108.6,NA,NA,H,116.26,H,141.761,NA,NA,0,0,0,0,0,0,0,0,0,0
Yal Ku,142,H,422.57,H,458.26,H,601.95,H,656.024,H,640,0,0,0,0,0,0,0,0,0,0
Yal Ku,143,H,492.7,NA,NA,H,646.83,H,581.233,NA,NA,0,0,0,0,0,0,0,0,0,0
Yal Ku,145,H,485.66,H,624.15,NA,NA,NA,NA,NA,NA,0,0,0,0,0,0,0,0,0,0
Yal Ku,146,H,1532.67,H,1987.3,H,1819.13,NA,NA,NA,NA,0,0,0,0,0,0,0,0,0,0
Yal Ku,149,H,1187.81,H,1319.99,H,1189,H,1285.311,H,1432.8,0,0,0,0,0,0,0,0,0,0
Yal Ku,150,H,472.66,H,478.55,NA,NA,NA,NA,NA,NA,0,0,0,0,0,0,0,0,0,0
Yal Ku,151,H,340,NA,NA,NA,NA,NA,NA,H,525.9,0,0,0,0,0,0,0,0,0,0
Yal Ku,152,H,1082.15,H,1199.7,H,1129.35,NA,NA,NA,NA,0,0,0,0,0,0,0,0,0,0
Yal Ku,158,H,75.02,H,74.37,NA,NA,NA,NA,NA,NA,0,0,0,0,0,0,0,0,0,0
Yal Ku,159,H,365.41,H,400.66,I,281.6,I,315.02,I,285.4,0,0,12.794,13.63,3.91,0,0,12.794,13.63,0
Yal Ku,165,H,207.35,H,251.66,H,204.36,NA,NA,NA,NA,0,0,0,0,0,0,0,0,0,0
Yal Ku,166,H,660.07,H,755.24,NA,NA,NA,NA,NA,NA,0,0,0,0,0,0,0,0,0,0
Yal Ku,169,H,555.33,H,535.75,H,642.92,NA,NA,NA,NA,0,0,0,0,0,0,0,0,0,0
Yal Ku,171,H,31.78,D,NA,NA,NA,NA,NA,NA,NA,0,0,0,0,0,0,0,0,0,0
Yal Ku,172,H,1073.13,H,1275.12,NA,NA,NA,NA,H,1224.6,0,0,0,0,0,0,0,0,0,0
Yal Ku,174,H,126.52,H,105.7,D,NA,NA,NA,NA,NA,0,0,0,0,0,0,0,0,0,0
Yal Ku,175,H,38.98,H,25.19,H,23.4,H,37.875,H,53.6,0,0,0,0,0,0,0,0,0,0
Yal Ku,176,H,116.21,H,141.08,H,142,H,147.29,H,201.5,0,0,0,0,0,0,0,0,0,0
Yal Ku,177,NA,NA,NA,NA,H,266.99,NA,NA,NA,NA,0,0,0,0,0,0,0,0,0,0
Yal Ku,180,H,182.63,H,213.04,H,211.63,H,237.27,H,325,0,0,0,0,0,0,0,0,0,0
Yal Ku,181,H,142.2,H,143.98,H,144.18,H,167.817,H,230.5,0,0,0,0,0,0,0,0,0,0
Yal Ku,182,H,239.35,H,303.33,H,332.31,NA,NA,H,296.5,0,0,0,0,0,0,0,0,0,0
Yal Ku,183,H,1002.48,I,1190.33,I,1163.95,I,1121.983,I,991.8,0,78.723,94.193,NA,2.795,0,78.723,94.193,NA,2.795
Yal Ku,184,I,1010.65,I,1060.95,I,861.17,I,708.566,I,652.9,NA,1.7,33.7,50.8,NA,NA,1.7,33.7,50.8,NA
Yal Ku,186,NA,NA,H,258.9,H,141.85,H,357.353,I,443.5,0,0,0,0,8.81,0,0,0,0,8.81
Yal Ku,187,H,550.93,H,589.73,NA,NA,P,434.12,P,415.2,0,0,0,0,0,0,0,0,0,0
Yal Ku,189,H,66.05,H,110.85,H,81.67,NA,NA,H,54.5,0,0,0,0,0,0,0,0,0,0
Yal Ku,190,H,563.09,H,850.73,NA,NA,H,762.071,H,735.9,0,0,0,0,0,0,0,0,0,0
Yal Ku,191,H,180.4,NA,NA,H,236.43,H,266.215,H,315.3,0,0,0,0,0,0,0,0,0,0
Yal Ku,192,H,761.16,H,763.68,I,712.42,NA,NA,NA,NA,0,3.373,10.314,0,0,0,1.989,6.903,0,0
Yal Ku,196,H,152.42,H,137.63,H,133.18,H,137.573,H,129.3,0,0,0,0,0,0,0,0,0,0
Yal Ku,197,H,796.77,H,883,H,846,H,901.766,H,898.8,0,0,0,0,0,0,0,0,0,0
Yal Ku,198,H,665.61,H,773.23,NA,NA,NA,NA,NA,NA,0,0,0,0,0,0,0,0,0,0
Yal Ku,200,H,527.69,H,659.33,H,722.33,NA,NA,NA,NA,0,0,0,0,0,0,0,0,0,0
Yal Ku,229,NA,NA,NA,NA,H,126.45,H,112.447,H,129.6,0,0,0,0,0,0,0,0,0,0
Yal Ku,239,H,39.83,H,49.38,NA,NA,NA,NA,NA,NA,0,0,0,0,0,0,0,0,0,0
Yal Ku,240,H,7.58,H,11.79,S,18.04,NA,NA,NA,NA,0,1.204,4.86,0,0,0,0,0,0,0
Yal Ku,248,H,15.27,S,20.26,S,4.43,S,9.979,S,9.3,0,5.43,0,0,6.922,0,0,0,0,0
Yal Ku,258,H,50.18,H,62.1,H,120.75,H,165.177,NA,NA,0,0,0,0,0,0,0,0,0,0
Yal Ku,259,H,12.77,H,21.96,D,NA,NA,NA,NA,NA,0,0,0,0,0,0,0,0,0,0
Yal Ku,273,H,260.5,NA,NA,H,432.17,H,582.114,H,708.7,0,0,0,0,0,0,0,0,0,0
Yal Ku,274,H,12.9,H,16.45,H,16.18,H,20.37,S,24,0,0,0,0,22.062,0,0,0,0,0
Yal Ku,277,H,89.95,H,85.06,H,96.42,NA,NA,NA,NA,0,0,0,0,0,0,0,0,0,0
Yal Ku,280,NA,NA,H,295.5,H,304.86,NA,NA,NA,NA,0,0,0,0,0,0,0,0,0,0
Yal Ku,284,H,24.6,S,47.83,NA,NA,H,9.796,NA,NA,0,47.83,0,0,0,0,0,0,0,0
Yal Ku,289,H,27.09,H,29.03,NA,NA,NA,NA,NA,NA,0,0,0,0,0,0,0,0,0,0
Yal Ku,295,H,988.9,I,953,H,897.44,NA,NA,H,776.9,0,17.065,0,0,0,0,17.065,0,0,0
Yal Ku,296,H,150.97,I,155.65,H,111.9,NA,NA,NA,NA,0,1.596,0,0,0,0,1.596,0,0,0
Yal Ku,297,H,28.15,H,45.81,H,63.3,H,98.351,H,147.6,0,0,0,0,0,0,0,0,0,0
Yal Ku,601,NA,NA,NA,NA,H,50.01,NA,NA,NA,NA,0,0,0,0,0,0,0,0,0,0
Yal Ku,654,NA,NA,NA,NA,S,69.24,H,101.431,H,83.7,0,0,0,0,0,0,0,0,0,0
Yal Ku,656,NA,NA,I,77.3,I,95.77,H,123.06,NA,NA,0,2.926,1.569,0,0,0,2.926,1.569,0,0
Yal Ku,710,NA,NA,H,8.3,H,29.39,H,64.456,H,75,0,0,0,0,0,0,0,0,0,0
Yal Ku,712,NA,NA,NA,NA,H,28.15,NA,NA,H,70.9,0,0,0,0,0,0,0,0,0,0
Yal Ku,715,NA,NA,NA,NA,S,18.55,NA,NA,NA,NA,0,0,7.224,0,0,0,0,0,0,0
Yal Ku,721,NA,NA,NA,NA,H,570.21,NA,NA,H,678.3,0,0,0,0,0,0,0,0,0,0
Yal Ku,722,NA,NA,NA,NA,H,11.47,NA,NA,NA,NA,0,0,0,0,0,0,0,0,0,0
Yal Ku,724,NA,NA,NA,NA,H,153.21,H,229.509,H,318.3,0,0,0,0,0,0,0,0,0,0
Yal Ku,735,NA,NA,H,56.2,S,26.69,NA,NA,NA,NA,0,0,19.906,0,0,0,0,0,0,0
Yal Ku,847,NA,NA,NA,NA,H,22.4,H,61.646,NA,NA,0,0,0,0,0,0,0,0,0,0
Yal Ku,853,NA,NA,NA,NA,S,22.88,NA,NA,NA,NA,0,0,13.821,0,0,0,0,0,0,0
Yal Ku,854,NA,NA,NA,NA,H,345.24,H,382.142,H,NA,0,0,0,0,0,0,0,0,0,0
Yal Ku,855,NA,NA,NA,NA,H,7.36,H,11.165,NA,NA,0,0,0,0,0,0,0,0,0,0
Yal Ku,856,NA,NA,NA,NA,I,155.77,I,124.853,NA,NA,0,0,6.038,6.179,0,0,0,6.038,6.179,0
Yal Ku,857,NA,NA,NA,NA,H,14.07,H,29.183,H,67.4,0,0,0,0,0,0,0,0,0,0
Yal Ku,858,NA,NA,NA,NA,H,145.61,NA,NA,H,181.3,0,0,0,0,0,0,0,0,0,0
Yal Ku,859,NA,NA,NA,NA,S,9.43,NA,NA,NA,NA,0,0,3.02,0,0,0,0,0,0,0
Yal Ku,860,NA,NA,NA,NA,H,390.45,NA,NA,H,283.8,0,0,0,0,0,0,0,0,0,0
Yal Ku,861,NA,NA,NA,NA,H,55.09,NA,NA,NA,NA,0,0,0,0,0,0,0,0,0,0
Yal Ku,862,NA,NA,NA,NA,H,105.61,H,93.58,NA,NA,0,0,0,0,0,0,0,0,0,0
Yal Ku,863,NA,NA,NA,NA,H,357.4,H,435.061,H,474.3,0,0,0,0,0,0,0,0,0,0
Yal Ku,864,NA,NA,NA,NA,H,91.98,H,98.669,NA,NA,0,0,0,0,0,0,0,0,0,0
Yal Ku,867,NA,NA,NA,NA,H,7.2,NA,NA,NA,NA,0,0,0,0,0,0,0,0,0,0
Yal Ku,868,NA,NA,NA,NA,H,26.73,NA,NA,NA,NA,0,0,0,0,0,0,0,0,0,0
Yal Ku,869,NA,NA,NA,NA,H,113.57,H,167.3,NA,NA,0,0,0,0,0,0,0,0,0,0
Yal Ku,870,NA,NA,NA,NA,H,374.25,H,417.391,H,502.3,0,0,0,0,0,0,0,0,0,0
Yal Ku,871,NA,NA,NA,NA,S,53.38,H,31.332,H,37.3,0,0,19.602,0,0,0,0,0,0,0
Yal Ku,872,NA,NA,NA,NA,S,48.76,NA,NA,NA,NA,0,0,9.203,0,0,0,0,0,0,0
Yal Ku,873,NA,NA,NA,NA,H,15.79,D,NA,NA,NA,0,0,0,0,0,0,0,0,0,0
Yal Ku,877,NA,NA,NA,NA,H,236.38,NA,NA,H,NA,0,0,0,0,0,0,0,0,0,0
Yal Ku,880,NA,NA,NA,NA,H,312.8,H,324.935,NA,NA,0,0,0,0,0,0,0,0,0,0
Yal Ku,881,NA,NA,NA,NA,H,11.61,H,33.661,NA,NA,0,0,0,0,0,0,0,0,0,0
Yal Ku,882,NA,NA,NA,NA,H,128.33,H,193.497,NA,NA,0,0,0,0,0,0,0,0,0,0
Yal Ku,883,NA,NA,NA,NA,H,20.17,H,106.093,NA,NA,0,0,0,0,0,0,0,0,0,0
Yal Ku,885,NA,NA,NA,NA,H,322.15,H,365.329,H,508,0,0,0,0,0,0,0,0,0,0
Yal Ku,886,NA,NA,NA,NA,H,10.3,NA,NA,H,19.2,0,0,0,0,0,0,0,0,0,0
Yal Ku,887,NA,NA,NA,NA,H,700.37,H,730.567,NA,NA,0,0,0,0,0,0,0,0,0,0
Yal Ku,889,NA,NA,NA,NA,H,10.41,H,17.219,NA,NA,0,0,0,0,0,0,0,0,0,0
Yal Ku,890,NA,NA,NA,NA,H,96.88,H,118.722,NA,NA,0,0,0,0,0,0,0,0,0,0
Yal Ku,891,NA,NA,NA,NA,H,279.56,I,594.222,I,566.4,0,0,0,5.988,4.602,0,0,0,0,3.052
Yal Ku,892,NA,NA,NA,NA,H,13.82,H,21.85,H,13.3,0,0,0,0,0,0,0,0,0,0
Yal Ku,893,NA,NA,NA,NA,S,15.18,H,4.153,H,14.8,0,0,3.145,0,0,0,0,0,0,0
Yal Ku,894,NA,NA,NA,NA,H,433.65,H,649.73,H,631.4,0,0,0,0,0,0,0,0,0,0
Yal Ku,895,NA,NA,NA,NA,S,2.92,NA,NA,NA,NA,0,0,1.265,0,0,0,0,0,0,0
Yal Ku,897,NA,NA,NA,NA,H,32.2,D,NA,NA,NA,0,0,0,0,0,0,0,0,0,0
Yal Ku,898,NA,NA,NA,NA,H,612.71,H,634.502,NA,NA,0,0,0,0,0,0,0,0,0,0
Yal Ku,899,NA,NA,NA,NA,H,22.95,H,61.608,H,105.2,0,0,0,0,0,0,0,0,0,0
Yal Ku,960,NA,NA,NA,NA,H,243.95,H,262.512,NA,NA,0,0,0,0,0,0,0,0,0,0
Yal Ku,967,NA,NA,NA,NA,H,9.7,H,38.171,NA,NA,0,0,0,0,0,0,0,0,0,0
Yal Ku,986,NA,NA,NA,NA,H,18.65,H,34,NA,NA,0,0,0,0,0,0,0,0,0,0
Yal Ku,987,NA,NA,NA,NA,H,623.45,H,775.67,H,760,0,0,0,0,0,0,0,0,0,0
Yal Ku,988,NA,NA,NA,NA,H,33.99,NA,NA,NA,NA,0,0,0,0,0,0,0,0,0,0
Yal Ku,998,NA,NA,NA,NA,H,531.26,NA,NA,NA,NA,0,0,0,0,0,0,0,0,0,0
Yal Ku,430,NA,NA,NA,NA,NA,NA,H,20.508,H,45.6,0,0,0,0,0,0,0,0,0,0
Yal Ku,437,NA,NA,NA,NA,NA,NA,H,50.812,NA,NA,0,0,0,0,0,0,0,0,0,0
Yal Ku,711,NA,NA,NA,NA,NA,NA,H,6.77,NA,NA,0,0,0,0,0,0,0,0,0,0
Yal Ku,739,NA,NA,NA,NA,NA,NA,H,11.764,H,65.2,0,0,0,0,0,0,0,0,0,0
Yal Ku,884,NA,NA,NA,NA,NA,NA,P,1043.828,I,914.6,0,0,0,0,NA,0,0,0,0,NA
Yal Ku,193,NA,NA,NA,NA,NA,NA,H,107.705,NA,NA,0,0,0,0,0,0,0,0,0,0
Yal Ku,276,NA,NA,NA,NA,NA,NA,H,94.907,NA,NA,0,0,0,0,0,0,0,0,0,0
Yal Ku,376,NA,NA,NA,NA,NA,NA,P,529.203,NA,NA,0,0,0,0,0,0,0,0,0,0
Yal Ku,401,NA,NA,NA,NA,NA,NA,H,157.205,D,NA,0,0,0,0,0,0,0,0,0,0
Yal Ku,406,NA,NA,NA,NA,NA,NA,S,14,D,NA,0,0,0,7.797,0,0,0,0,0,0
Yal Ku,409,NA,NA,NA,NA,NA,NA,H,19.464,H,28.4,0,0,0,0,0,0,0,0,0,0
Yal Ku,416,NA,NA,NA,NA,NA,NA,H,19.904,S,22.3,0,0,0,0,4.494,0,0,0,0,0
Yal Ku,419,NA,NA,NA,NA,NA,NA,H,275.911,H,342.4,0,0,0,0,0,0,0,0,0,0
Yal Ku,424,NA,NA,NA,NA,NA,NA,H,178.648,H,191.4,0,0,0,0,0,0,0,0,0,0
Yal Ku,428,NA,NA,NA,NA,NA,NA,H,16.506,H,32.5,0,0,0,0,0,0,0,0,0,0
Yal Ku,429,NA,NA,NA,NA,NA,NA,H,15.636,H,11.1,0,0,0,0,0,0,0,0,0,0
Yal Ku,431,NA,NA,NA,NA,NA,NA,H,13.001,H,18.2,0,0,0,0,0,0,0,0,0,0
Yal Ku,434,NA,NA,NA,NA,NA,NA,H,130.12,H,128.1,0,0,0,0,0,0,0,0,0,0
Yal Ku,435,NA,NA,NA,NA,NA,NA,H,4.748,H,6.8,0,0,0,0,0,0,0,0,0,0
Yal Ku,436,NA,NA,NA,NA,NA,NA,H,22.875,H,17.2,0,0,0,0,0,0,0,0,0,0
Yal Ku,438,NA,NA,NA,NA,NA,NA,H,6.364,H,28.7,0,0,0,0,0,0,0,0,0,0
Yal Ku,439,NA,NA,NA,NA,NA,NA,H,14.406,H,24.6,0,0,0,0,0,0,0,0,0,0
Yal Ku,440,NA,NA,NA,NA,NA,NA,H,20.41,H,32.3,0,0,0,0,0,0,0,0,0,0
Yal Ku,441,NA,NA,NA,NA,NA,NA,H,5,D,NA,0,0,0,0,0,0,0,0,0,0
Yal Ku,443,NA,NA,NA,NA,NA,NA,H,10.298,H,26.2,0,0,0,0,0,0,0,0,0,0
Yal Ku,445,NA,NA,NA,NA,NA,NA,H,37.042,H,48.6,0,0,0,0,0,0,0,0,0,0
Yal Ku,447,NA,NA,NA,NA,NA,NA,H,11.276,H,7.9,0,0,0,0,0,0,0,0,0,0
Yal Ku,449,NA,NA,NA,NA,NA,NA,NA,222.797,I,110.6,0,0,0,0,NA,0,0,0,0,NA
Yal Ku,501,NA,NA,NA,NA,NA,NA,H,31.035,H,39.5,0,0,0,0,0,0,0,0,0,0
Yal Ku,502,NA,NA,NA,NA,NA,NA,H,132.41,H,143.7,0,0,0,0,0,0,0,0,0,0
Yal Ku,505,NA,NA,NA,NA,NA,NA,H,10.873,H,36.4,0,0,0,0,0,0,0,0,0,0
Yal Ku,508,NA,NA,NA,NA,NA,NA,H,13.483,H,6.4,0,0,0,0,0,0,0,0,0,0
Yal Ku,512,NA,NA,NA,NA,NA,NA,H,26.3,D,NA,0,0,0,0,0,0,0,0,0,0
Yal Ku,513,NA,NA,NA,NA,NA,NA,H,6.5,D,NA,0,0,0,0,0,0,0,0,0,0
Yal Ku,517,NA,NA,NA,NA,NA,NA,S,4.3,D,NA,0,0,0,4.3,0,0,0,0,0,0
Yal Ku,519,NA,NA,NA,NA,NA,NA,I,102.399,D,NA,0,0,0,NA,0,0,0,0,NA,0
Yal Ku,70,NA,NA,P,1074,H,782.58,I,845.851,D,NA,0,0,0,845.851,0,0,0,0,0,0
Yal Ku,195,NA,NA,NA,NA,H,262.48,H,389.579,H,405,0,0,0,0,0,0,0,0,0,0
Yal Ku,96,NA,NA,NA,NA,I,755.57,I,574.911,I,599.9,0,0,NA,5.501,11.203,0,0,NA,5.501,11.203
Las Redes,303,NA,NA,NA,NA,NA,NA,H,538.8,H,518.2,0,0,0,0,0,0,0,0,0,0
Las Redes,304,NA,NA,NA,NA,NA,NA,P,294.1,I,98.41,0,0,0,0,29.323,0,0,0,0,0
Las Redes,305,NA,NA,NA,NA,NA,NA,H,713.1,H,671.4,0,0,0,0,0,0,0,0,0,0
Las Redes,306,NA,NA,NA,NA,NA,NA,H,76.3,H,122.2,0,0,0,0,0,0,0,0,0,0
Las Redes,307,NA,NA,NA,NA,NA,NA,I,327.2,I,307.4,0,0,0,NA,NA,0,0,0,NA,NA
Las Redes,308,NA,NA,NA,NA,NA,NA,H,1179.6,H,1349.2,0,0,0,0,0,0,0,0,0,0
Las Redes,309,NA,NA,NA,NA,NA,NA,P,333.8,H,313.1,0,0,0,0,0,0,0,0,0,0
Las Redes,312,NA,NA,NA,NA,NA,NA,H,138.7,H,139.9,0,0,0,0,0,0,0,0,0,0
Las Redes,313,NA,NA,NA,NA,NA,NA,P,889.6,H,1106.5,0,0,0,0,0,0,0,0,0,0
Las Redes,315,NA,NA,NA,NA,NA,NA,H,85.8,H,102,0,0,0,0,0,0,0,0,0,0
Las Redes,318,NA,NA,NA,NA,NA,NA,I,566,H,643.1,0,0,0,6.8,0,0,0,0,6.8,0
Las Redes,326,NA,NA,NA,NA,NA,NA,H,1605.2,H,1461.7,0,0,0,0,0,0,0,0,0,0
Las Redes,327,NA,NA,NA,NA,NA,NA,I,40.5,I,20.2,0,0,0,2.648,11.312,0,0,0,0,0
Las Redes,328,NA,NA,NA,NA,NA,NA,H,160.2,H,149.7,0,0,0,0,0,0,0,0,0,0
Las Redes,329,NA,NA,NA,NA,NA,NA,H,136.7,H,126.5,0,0,0,0,0,0,0,0,0,0
Las Redes,330,NA,NA,NA,NA,NA,NA,NA,512.4,H,539.3,0,0,0,0,0,0,0,0,0,0
Las Redes,331,NA,NA,NA,NA,NA,NA,NA,NA,NA,NA,0,0,0,0,0,0,0,0,0,0
Las Redes,332,NA,NA,NA,NA,NA,NA,H,87.2,H,102.6,0,0,0,0,0,0,0,0,0,0
Las Redes,334,NA,NA,NA,NA,NA,NA,H,57.1,H,61,0,0,0,0,0,0,0,0,0,0
Las Redes,335,NA,NA,NA,NA,NA,NA,H,21.1,S,15.9,0,0,0,0,8.202,0,0,0,0,0
Las Redes,336,NA,NA,NA,NA,NA,NA,NA,NA,NA,NA,0,0,0,0,0,0,0,0,0,0
Las Redes,337,NA,NA,NA,NA,NA,NA,H,926.8,H,1019.5,0,0,0,0,0,0,0,0,0,0
Las Redes,338,NA,NA,NA,NA,NA,NA,NA,NA,NA,NA,0,0,0,0,0,0,0,0,0,0
Las Redes,339,NA,NA,NA,NA,NA,NA,H,115.1,H,193.5,0,0,0,0,0,0,0,0,0,0
Las Redes,340,NA,NA,NA,NA,NA,NA,H,25.4,H,63.7,0,0,0,0,0,0,0,0,0,0
Las Redes,341,NA,NA,NA,NA,NA,NA,NA,NA,NA,NA,0,0,0,0,0,0,0,0,0,0
Las Redes,342,NA,NA,NA,NA,NA,NA,H,37.3,H,68.6,0,0,0,0,0,0,0,0,0,0
Las Redes,343,NA,NA,NA,NA,NA,NA,H,29.6,H,62.1,0,0,0,0,0,0,0,0,0,0
Las Redes,344,NA,NA,NA,NA,NA,NA,P,461.8,P,453.9,0,0,0,0,0,0,0,0,0,0
Las Redes,345,NA,NA,NA,NA,NA,NA,H,526.3,H,459.4,0,0,0,0,0,0,0,0,0,0
Las Redes,346,NA,NA,NA,NA,NA,NA,P,57.2,H,77.6,0,0,0,0,0,0,0,0,0,0
Las Redes,347,NA,NA,NA,NA,NA,NA,P,60.1,H,53.3,0,0,0,0,0,0,0,0,0,0
Las Redes,348,NA,NA,NA,NA,NA,NA,H,190.6,H,270.2,0,0,0,0,0,0,0,0,0,0
Las Redes,349,NA,NA,NA,NA,NA,NA,H,705.1,H,763.5,0,0,0,0,0,0,0,0,0,0
Las Redes,350,NA,NA,NA,NA,NA,NA,H,248.2,H,473.7,0,0,0,0,0,0,0,0,0,0
Las Redes,354,NA,NA,NA,NA,NA,NA,H,385.3,H,337.3,0,0,0,0,0,0,0,0,0,0
Las Redes,356,NA,NA,NA,NA,NA,NA,H,26.6,H,52.2,0,0,0,0,0,0,0,0,0,0
Las Redes,357,NA,NA,NA,NA,NA,NA,H,52.2,H,105.2,0,0,0,0,0,0,0,0,0,0
Las Redes,358,NA,NA,NA,NA,NA,NA,P,NA,NA,NA,0,0,0,0,0,0,0,0,0,0
Las Redes,362,NA,NA,NA,NA,NA,NA,H,567.2,H,591.1,0,0,0,0,0,0,0,0,0,0
Las Redes,363,NA,NA,NA,NA,NA,NA,H,102.1,H,256.1,0,0,0,0,0,0,0,0,0,0
Las Redes,364,NA,NA,NA,NA,NA,NA,H,1736.9,H,1790,0,0,0,0,0,0,0,0,0,0
Las Redes,372,NA,NA,NA,NA,NA,NA,H,236.7,H,312.2,0,0,0,0,0,0,0,0,0,0
Las Redes,376,NA,NA,NA,NA,NA,NA,NA,NA,NA,NA,0,0,0,0,0,0,0,0,0,0
Las Redes,378,NA,NA,NA,NA,NA,NA,P,39.8,H,73.9,0,0,0,0,0,0,0,0,0,0
Las Redes,379,NA,NA,NA,NA,NA,NA,P,46.7,H,69.6,0,0,0,0,0,0,0,0,0,0
Las Redes,380,NA,NA,NA,NA,NA,NA,H,75.1,H,129.5,0,0,0,0,0,0,0,0,0,0
Las Redes,381,NA,NA,NA,NA,NA,NA,H,35.4,H,48.3,0,0,0,0,0,0,0,0,0,0
Las Redes,382,NA,NA,NA,NA,NA,NA,NA,NA,NA,NA,0,0,0,0,0,0,0,0,0,0
Las Redes,383,NA,NA,NA,NA,NA,NA,H,293.2,I,451.2,6.52,0,0,0,NA,6.52,0,0,0,NA
Las Redes,384,NA,NA,NA,NA,NA,NA,H,200,H,124.8,0,0,0,0,0,0,0,0,0,0
Las Redes,385,NA,NA,NA,NA,NA,NA,I,265.6,H,225.7,0,0,0,1.433,0,0,0,0,0.787,0
Las Redes,386,NA,NA,NA,NA,NA,NA,H,15.4,H,44.4,0,0,0,0,0,0,0,0,0,0
Las Redes,387,NA,NA,NA,NA,NA,NA,H,213,H,235.8,0,0,0,0,0,0,0,0,0,0
Las Redes,388,NA,NA,NA,NA,NA,NA,H,76,H,129.7,0,0,0,0,0,0,0,0,0,0
Las Redes,389,NA,NA,NA,NA,NA,NA,H,63.2,I,64.1,2.54,0,0,0,NA,2.54,0,0,0,NA
Las Redes,390,NA,NA,NA,NA,NA,NA,I,43.9,I,31.8,0,0,0,2.245,17.411,0,0,0,2.245,0
Las Redes,391,NA,NA,NA,NA,NA,NA,M,592.1,M,15.7,0,0,0,0,0,0,0,0,0,0
Las Redes,392,NA,NA,NA,NA,NA,NA,NA,NA,NA,NA,0,0,0,0,0,0,0,0,0,0
Las Redes,393,NA,NA,NA,NA,NA,NA,H,115,H,170.5,0,0,0,0,0,0,0,0,0,0
Las Redes,394,NA,NA,NA,NA,NA,NA,H,655.3,H,719.8,0,0,0,0,0,0,0,0,0,0
Las Redes,395,NA,NA,NA,NA,NA,NA,NA,NA,NA,NA,0,0,0,0,0,0,0,0,0,0
Las Redes,396,NA,NA,NA,NA,NA,NA,H,810.9,H,1081.2,0,0,0,0,0,0,0,0,0,0
Las Redes,397,NA,NA,NA,NA,NA,NA,P,519.2,P,597.8,0,0,0,0,0,0,0,0,0,0
Las Redes,398,NA,NA,NA,NA,NA,NA,H,72.1,H,111.6,0,0,0,0,0,0,0,0,0,0
Las Redes,399,NA,NA,NA,NA,NA,NA,H,89.7,H,104.4,0,0,0,0,0,0,0,0,0,0
Las Redes,400,NA,NA,NA,NA,NA,NA,H,53.9,H,81.3,0,0,0,0,0,0,0,0,0,0
Las Redes,403,NA,NA,NA,NA,NA,NA,I,241.2,H,287.4,0,0,0,NA,0,0,0,0,NA,0
Las Redes,404,NA,NA,NA,NA,NA,NA,P,584.1,H,788.7,0,0,0,0,0,0,0,0,0,0
Las Redes,407,NA,NA,NA,NA,NA,NA,I,533,H,76.5,0,0,0,23.1,0,0,0,0,23.1,0
Las Redes,408,NA,NA,NA,NA,NA,NA,H,49.2,H,103.6,0,0,0,0,0,0,0,0,0,0
Las Redes,411,NA,NA,NA,NA,NA,NA,H,255,H,216.6,0,0,0,0,0,0,0,0,0,0
Las Redes,412,NA,NA,NA,NA,NA,NA,H,11.2,H,74.9,0,0,0,0,0,0,0,0,0,0
Las Redes,415,NA,NA,NA,NA,NA,NA,I,326.5,H,485.4,0,0,0,6.68,0,0,0,0,6.68,0
Las Redes,420,NA,NA,NA,NA,NA,NA,H,307.6,H,389.7,0,0,0,0,0,0,0,0,0,0
Las Redes,451,NA,NA,NA,NA,NA,NA,H,22.3,H,50.1,0,0,0,0,0,0,0,0,0,0
Las Redes,452,NA,NA,NA,NA,NA,NA,H,174.2,H,190.6,0,0,0,0,0,0,0,0,0,0
Las Redes,453,NA,NA,NA,NA,NA,NA,H,69.2,H,87.1,0,0,0,0,0,0,0,0,0,0
Las Redes,454,NA,NA,NA,NA,NA,NA,H,67.6,P,97.8,0,0,0,0,0,0,0,0,0,0
Las Redes,455,NA,NA,NA,NA,NA,NA,NA,NA,NA,NA,0,0,0,0,0,0,0,0,0,0
Las Redes,456,NA,NA,NA,NA,NA,NA,NA,NA,NA,NA,0,0,0,0,0,0,0,0,0,0
Las Redes,457,NA,NA,NA,NA,NA,NA,I,30.6,I,16.3,0,0,0,3.23,5.26,0,0,0,1.03,0
Las Redes,458,NA,NA,NA,NA,NA,NA,H,100.6,H,121.4,0,0,0,0,0,0,0,0,0,0
Las Redes,459,NA,NA,NA,NA,NA,NA,P,268.3,P,266.8,0,0,0,0,0,0,0,0,0,0
Las Redes,460,NA,NA,NA,NA,NA,NA,H,37.7,H,95.1,0,0,0,0,0,0,0,0,0,0
Las Redes,461,NA,NA,NA,NA,NA,NA,H,45.7,H,51.9,0,0,0,0,0,0,0,0,0,0
Las Redes,462,NA,NA,NA,NA,NA,NA,H,40,H,47.6,0,0,0,0,0,0,0,0,0,0
Las Redes,463,NA,NA,NA,NA,NA,NA,NA,NA,NA,NA,0,0,0,0,0,0,0,0,0,0
Las Redes,464,NA,NA,NA,NA,NA,NA,NA,NA,NA,NA,0,0,0,0,0,0,0,0,0,0
Las Redes,465,NA,NA,NA,NA,NA,NA,H,8.9,P,48.2,0,0,0,0,0,0,0,0,0,0
Las Redes,466,NA,NA,NA,NA,NA,NA,I,68.5,I,87.2,0,0,0,3.747,3.769,0,0,0,3.747,3.769
Las Redes,467,NA,NA,NA,NA,NA,NA,NA,NA,NA,NA,0,0,0,0,0,0,0,0,0,0
Las Redes,468,NA,NA,NA,NA,NA,NA,H,325.2,NA,NA,0,0,0,0,0,0,0,0,0,0
Las Redes,469,NA,NA,NA,NA,NA,NA,NA,NA,NA,NA,0,0,0,0,0,0,0,0,0,0
Las Redes,470,NA,NA,NA,NA,NA,NA,H,685.2,H,724.3,0,0,0,0,0,0,0,0,0,0
Las Redes,471,NA,NA,NA,NA,NA,NA,H,119.7,H,127.9,0,0,0,0,0,0,0,0,0,0
Las Redes,472,NA,NA,NA,NA,NA,NA,H,21.8,H,21.1,0,0,0,0,0,0,0,0,0,0
Las Redes,473,NA,NA,NA,NA,NA,NA,P,220.7,H,281.4,0,0,0,0,0,0,0,0,0,0
Las Redes,474,NA,NA,NA,NA,NA,NA,NA,NA,NA,NA,0,0,0,0,0,0,0,0,0,0
Las Redes,475,NA,NA,NA,NA,NA,NA,NA,NA,NA,NA,0,0,0,0,0,0,0,0,0,0
Las Redes,476,NA,NA,NA,NA,NA,NA,P,141.3,H,130.6,0,0,0,0,0,0,0,0,0,0
Las Redes,478,NA,NA,NA,NA,NA,NA,H,10.5,H,31.4,0,0,0,0,0,0,0,0,0,0
Las Redes,479,NA,NA,NA,NA,NA,NA,NA,NA,NA,NA,0,0,0,0,0,0,0,0,0,0
Las Redes,480,NA,NA,NA,NA,NA,NA,H,142.5,H,151,0,0,0,0,0,0,0,0,0,0
Las Redes,482,NA,NA,NA,NA,NA,NA,H,277.9,H,298.2,0,0,0,0,0,0,0,0,0,0
Las Redes,483,NA,NA,NA,NA,NA,NA,H,17.6,H,46.7,0,0,0,0,0,0,0,0,0,0
Las Redes,485,NA,NA,NA,NA,NA,NA,H,18.1,H,50.8,0,0,0,0,0,0,0,0,0,0
Las Redes,486,NA,NA,NA,NA,NA,NA,H,141.7,H,142.7,0,0,0,0,0,0,0,0,0,0
Las Redes,487,NA,NA,NA,NA,NA,NA,NA,NA,NA,NA,0,0,0,0,0,0,0,0,0,0
Las Redes,488,NA,NA,NA,NA,NA,NA,H,210.1,H,226,0,0,0,0,0,0,0,0,0,0
Las Redes,489,NA,NA,NA,NA,NA,NA,P,719.4,H,722.5,0,0,0,0,0,0,0,0,0,0
Las Redes,490,NA,NA,NA,NA,NA,NA,H,51.2,H,76.1,0,0,0,0,0,0,0,0,0,0
Las Redes,491,NA,NA,NA,NA,NA,NA,NA,NA,NA,NA,0,0,0,0,0,0,0,0,0,0
Las Redes,492,NA,NA,NA,NA,NA,NA,H,4,H,25.4,0,0,0,0,0,0,0,0,0,0
Las Redes,493,NA,NA,NA,NA,NA,NA,P,99.7,NA,NA,0,0,0,0,0,0,0,0,0,0
Las Redes,494,NA,NA,NA,NA,NA,NA,H,10.6,H,17.9,0,0,0,0,0,0,0,0,0,0
Las Redes,495,NA,NA,NA,NA,NA,NA,H,945.1,H,837.2,0,0,0,0,0,0,0,0,0,0
Las Redes,498,NA,NA,NA,NA,NA,NA,H,40.5,H,31.1,0,0,0,0,0,0,0,0,0,0
Las Redes,499,NA,NA,NA,NA,NA,NA,P,26.6,H,48.7,0,0,0,0,0,0,0,0,0,0
Las Redes,500,NA,NA,NA,NA,NA,NA,NA,NA,NA,NA,0,0,0,0,0,0,0,0,0,0
Las Redes,849,NA,NA,NA,NA,NA,NA,H,370.6,H,358,0,0,0,0,0,0,0,0,0,0
