"","site","transect","actual.window","plot","subplot","year_t","num_bare_t","num_shrub_t","num_black_gramma_t","num_blue_gramma_t","num_other_grass_t","num_other_t","Cover_notes","max.ht_t","max.w_t","perp.w_t","name","notes","falll_survival_t","fall_survival_notes","spring_survival_t1","max.ht_t1","max.w_t1","perp.w_t1","flowers_t1","fruits_t1","reproductive_fraction","volume_t","transplant","density","weighted.dens"
"1","FPS",1,125,3,1,2015,0,9,0,0,0,0,"",9,15,12.5,"","",0,"",0,NA,NA,NA,NA,NA,NA,441.786466911065,TRUE,1,12.0191147197506
"2","FPS",1,125,3,3,2015,1,7,1,0,0,0,"",14,8,5,"","",0,"",0,NA,NA,NA,NA,NA,NA,146.607657167524,TRUE,1,12.0191147197506
"3","FPS",1,125,3,4,2015,0,7,2,0,0,0,"",13,11.5,9,"","",0,"",0,NA,NA,NA,NA,NA,NA,352.251076283755,TRUE,1,12.0191147197506
"4","FPS",1,125,3,2,2015,0,9,0,0,0,0,"",7,10.5,9.5,"","",0,"",0,NA,NA,NA,NA,NA,NA,182.801422530756,TRUE,1,12.0191147197506
"5","FPS",1,145,4,3,2015,1,7,1,0,0,0,"",10,10,7,"","",0,"",0,NA,NA,NA,NA,NA,NA,183.259571459405,TRUE,1,12.275345088178
"6","FPS",1,145,4,2,2015,1,7,1,0,0,0,"",11,10,9,"","",0,"",0,NA,NA,NA,NA,NA,NA,259.181393921158,TRUE,1,12.275345088178
"7","FPS",1,145,4,4,2015,4,2,3,0,0,0,"",10,16,9,"","",0,"",0,NA,NA,NA,NA,NA,NA,376.991118430775,TRUE,1,12.275345088178
"8","FPS",1,145,4,1,2015,0,9,0,0,0,0,"",8.5,12,9,"","",0,"",0,NA,NA,NA,NA,NA,NA,240.331837999619,TRUE,1,12.275345088178
"9","FPS",1,185,5,2,2015,2,4,0,0,0,3,"tumbleweed",16,15,10,"","",0,"",0,NA,NA,NA,NA,NA,NA,628.318530717959,TRUE,14,141.780425035076
"10","FPS",1,185,5,1,2015,3,5,1,0,0,0,"",11,11,5,"","",0,"",0,NA,NA,NA,NA,NA,NA,158.388629618485,TRUE,14,141.780425035076
"11","FPS",1,185,5,3,2015,0,7,0,0,0,2,"tumbleweed",15,25,14,"","",0,"",0,NA,NA,NA,NA,NA,NA,1374.44678594553,TRUE,14,141.780425035076
"12","FPS",1,185,5,4,2015,0,6,0,0,0,3,"tumbleweed",11,17,12,"","",1,"",1,6,11,5,0,0,1,587.477826221291,TRUE,14,141.780425035076
"13","FPS",1,190,6,3,2015,9,0,0,0,0,0,"",13,6.5,11,"","",0,"",0,NA,NA,NA,NA,NA,NA,243.342530959309,TRUE,4,40.4051405734301
"14","FPS",1,190,6,2,2015,0,1,0,0,0,8,"tumbleweed",12,18,13,"","",0,"",0,NA,NA,NA,NA,NA,NA,735.132680940012,TRUE,4,40.4051405734301
"15","FPS",1,190,6,1,2015,1,7,0,0,0,1,"tumbleweed",20,17,8,"","",0,"",0,NA,NA,NA,NA,NA,NA,712.094334813686,TRUE,4,40.4051405734301
"16","FPS",1,190,6,4,2015,7,2,0,0,0,0,"",13,17.5,9,"","",0,"",0,NA,NA,NA,NA,NA,NA,536.034246518758,TRUE,4,40.4051405734301
"17","FPS",1,195,7,2,2015,4,3,2,0,0,0,"",17,9,9,"","",0,"",0,NA,NA,NA,NA,NA,NA,360.497756999429,TRUE,5,53.4123859755912
"18","FPS",1,195,7,1,2015,4,5,0,0,0,0,"",12,8,7.5,"","",0,"",0,NA,NA,NA,NA,NA,NA,188.495559215388,TRUE,5,53.4123859755912
"19","FPS",1,195,7,4,2015,4,4,1,0,0,0,"",10,15,6,"","",0,"",0,NA,NA,NA,NA,NA,NA,235.619449019234,TRUE,5,53.4123859755912
"20","FPS",1,195,7,3,2015,3,4,2,0,0,0,"",12,8,7,"","",0,"",0,NA,NA,NA,NA,NA,NA,175.929188601028,TRUE,5,53.4123859755912
"21","FPS",1,220,8,3,2015,8,0,0,0,0,1,"tumbleweed",13,7,12,"","",0,"",0,NA,NA,NA,NA,NA,NA,285.884931476671,TRUE,0,0
"22","FPS",1,220,8,2,2015,4,5,0,0,0,0,"",13.5,23,11,"","",0,"",0,NA,NA,NA,NA,NA,NA,894.175809027995,TRUE,0,0
"23","FPS",1,220,8,4,2015,9,0,0,0,0,0,"",14,6.5,6,"","",0,"",0,NA,NA,NA,NA,NA,NA,142.942465738336,TRUE,0,0
"24","FPS",1,220,8,1,2015,3,6,0,0,0,0,"",9,14,11,"","",0,"",0,NA,NA,NA,NA,NA,NA,362.853951489621,TRUE,0,0
"25","FPS",1,380,9,4,2015,2,0,7,0,0,0,"",12,11,10,"","",0,"",0,NA,NA,NA,NA,NA,NA,345.575191894877,TRUE,1,11.1178212343312
"26","FPS",1,380,9,2,2015,6,0,3,0,0,0,"",10,14,8,"","",0,"",0,NA,NA,NA,NA,NA,NA,293.215314335047,TRUE,1,11.1178212343312
"27","FPS",1,380,9,3,2015,6,0,3,0,0,0,"",10,11,5,"","",0,"",0,NA,NA,NA,NA,NA,NA,143.989663289532,TRUE,1,11.1178212343312
"28","FPS",1,380,9,1,2015,5,0,4,0,0,0,"",13.5,9.5,9.5,"","",0,"",0,NA,NA,NA,NA,NA,NA,318.969829109789,TRUE,1,11.1178212343312
"29","FPS",1,40,1,4,2015,6,0,3,0,0,0,"",15,15.5,8,"","",0,"",0,NA,NA,NA,NA,NA,NA,486.946861306418,TRUE,2,21.2728360008913
"30","FPS",1,40,1,1,2015,4,0,5,0,0,0,"",16,13,13,"","",0,"",0,NA,NA,NA,NA,NA,NA,707.9055446089,TRUE,2,21.2728360008913
"31","FPS",1,40,1,2,2015,7,0,2,0,0,0,"",12,12,8,"","",0,"",0,NA,NA,NA,NA,NA,NA,301.59289474462,TRUE,2,21.2728360008913
"32","FPS",1,40,1,3,2015,3,2,4,0,0,0,"",11.5,16,8.5,"","",0,"",0,NA,NA,NA,NA,NA,NA,409.45424251787,TRUE,2,21.2728360008913
"33","FPS",1,425,10,1,2015,0,0,9,0,0,0,"",23,13,10,"","",0,"",0,NA,NA,NA,NA,NA,NA,782.780169519457,TRUE,0,0
"34","FPS",1,425,10,4,2015,2,0,6,0,1,0,"",12,10,6.5,"","",0,"",0,NA,NA,NA,NA,NA,NA,204.203522483337,TRUE,0,0
"35","FPS",1,425,10,2,2015,0,0,9,0,0,0,"",15,15.5,10,"","",0,"",0,NA,NA,NA,NA,NA,NA,608.683576633022,TRUE,0,0
"36","FPS",1,425,10,3,2015,4,0,5,0,0,0,"",7.5,13,7,"","",0,"",0,NA,NA,NA,NA,NA,NA,178.678082172919,TRUE,0,0
"37","FPS",1,440,11,4,2015,7,0,2,0,0,0,"",15.5,15,10.5,"","",0,"",0,NA,NA,NA,NA,NA,NA,639.117755464673,TRUE,0,0
"38","FPS",1,440,11,2,2015,3,0,3,0,3,0,"",16,16,9.5,"","",0,"",0,NA,NA,NA,NA,NA,NA,636.696111127531,TRUE,0,0
"39","FPS",1,440,11,3,2015,7,0,2,0,0,0,"",7,11,11,"","",0,"",0,NA,NA,NA,NA,NA,NA,221.74408146588,TRUE,0,0
"40","FPS",1,440,11,1,2015,6,0,3,0,0,0,"",13,18,9.5,"","",0,"",0,NA,NA,NA,NA,NA,NA,581.980039077509,TRUE,0,0
"41","FPS",1,50,2,4,2015,6,0,3,0,0,0,"",15,12,9.5,"","",0,"",0,NA,NA,NA,NA,NA,NA,447.676953136545,TRUE,2,21.9570341503995
"42","FPS",1,50,2,1,2015,5,0,4,0,0,0,"",9,11,6.5,"","",0,"",0,NA,NA,NA,NA,NA,NA,168.467906048753,TRUE,2,21.9570341503995
"43","FPS",1,50,2,2,2015,5,0,4,0,0,0,"",20,20,8,"","",0,"",0,NA,NA,NA,NA,NA,NA,837.758040957278,TRUE,2,21.9570341503995
"44","FPS",1,50,2,3,2015,6,0,3,0,0,0,"",9,15,9,"","",0,"",0,NA,NA,NA,NA,NA,NA,318.086256175967,TRUE,2,21.9570341503995
"45","FPS",2,10,1,2,2015,6,1,0,0,2,0,"",11,15,11,"","",0,"",0,NA,NA,NA,NA,NA,NA,475.165888855456,TRUE,15,144.779041980714
"46","FPS",2,10,1,1,2015,8,1,0,0,0,0,"",13,21,6,"","",0,"",0,NA,NA,NA,NA,NA,NA,428.827397215007,TRUE,15,144.779041980714
"47","FPS",2,10,1,4,2015,0,3,0,0,6,0,"",12,18,10,"","",0,"",0,NA,NA,NA,NA,NA,NA,565.486677646163,TRUE,15,144.779041980714
"48","FPS",2,10,1,3,2015,6,3,0,0,0,0,"",9,20,9,"","",0,"",0,NA,NA,NA,NA,NA,NA,424.115008234622,TRUE,15,144.779041980714
"49","FPS",2,110,7,1,2015,9,0,0,0,0,0,"",8,12,11,"","",0,"",0,NA,NA,NA,NA,NA,NA,276.460153515902,TRUE,5,59.0988449519101
"50","FPS",2,110,7,2,2015,9,0,0,0,0,0,"",6.5,9,8,"","",0,"",0,NA,NA,NA,NA,NA,NA,122.522113490002,TRUE,5,59.0988449519101
"51","FPS",2,110,7,3,2015,9,0,0,0,0,0,"",13,10,9,"","",0,"",0,NA,NA,NA,NA,NA,NA,306.305283725005,TRUE,5,59.0988449519101
"52","FPS",2,110,7,4,2015,9,0,0,0,0,0,"",7,28,9,"","",0,"",0,NA,NA,NA,NA,NA,NA,461.8141200777,TRUE,5,59.0988449519101
"53","FPS",2,125,8,1,2015,6,0,3,0,0,0,"",9,16,11.5,"","",0,"",0,NA,NA,NA,NA,NA,NA,433.539786195391,TRUE,0,0
"54","FPS",2,125,8,2,2015,1,0,8,0,0,0,"",10.5,14,7.5,"","",0,"",0,NA,NA,NA,NA,NA,NA,288.633825048562,TRUE,0,0
"55","FPS",2,125,8,3,2015,3,0,6,0,0,0,"",14,11,6.5,"","",0,"",0,NA,NA,NA,NA,NA,NA,262.061187186949,TRUE,0,0
"56","FPS",2,125,8,4,2015,3,0,6,0,0,0,"",15,12,9,"","",0,"",0,NA,NA,NA,NA,NA,NA,424.115008234622,TRUE,0,0
"57","FPS",2,15,2,3,2015,2,2,5,0,0,0,"",17,15,7,"","",0,"",0,NA,NA,NA,NA,NA,NA,467.311907221482,TRUE,10,95.2255391776738
"58","FPS",2,15,2,1,2015,9,0,0,0,0,0,"",8,24.5,8.5,"","",0,"",0,NA,NA,NA,NA,NA,NA,436.157780073383,TRUE,10,95.2255391776738
"59","FPS",2,15,2,4,2015,9,0,0,0,0,0,"",10.5,20,9,"","",0,"",0,NA,NA,NA,NA,NA,NA,494.800842940392,TRUE,10,95.2255391776738
"60","FPS",2,15,2,2,2015,6,0,3,0,0,0,"",9,14.5,7,"","",0,"",0,NA,NA,NA,NA,NA,NA,239.153740754523,TRUE,10,95.2255391776738
"61","FPS",2,160,9,1,2015,9,0,0,0,0,0,"",12,10.5,7,"","",0,"",0,NA,NA,NA,NA,NA,NA,230.90706003885,TRUE,6,67.8353319213094
"62","FPS",2,160,9,2,2015,5,4,0,0,0,0,"",18,13,11,"","",0,"",0,NA,NA,NA,NA,NA,NA,673.871624195011,TRUE,6,67.8353319213094
"63","FPS",2,160,9,3,2015,9,0,0,0,0,0,"",12,11.5,7,"","",0,"",0,NA,NA,NA,NA,NA,NA,252.898208613978,TRUE,6,67.8353319213094
"64","FPS",2,160,9,4,2015,9,0,0,0,0,0,"",6,21,20.5,"","",0,"",0,NA,NA,NA,NA,NA,NA,676.227818685203,TRUE,6,67.8353319213094
"65","FPS",2,230,10,2,2015,3,0,6,0,0,0,"",12,10,7,"","",0,"",0,NA,NA,NA,NA,NA,NA,219.911485751286,TRUE,0,0
"66","FPS",2,230,10,1,2015,6,0,3,0,0,0,"",24,13,4.5,"","",0,"",0,NA,NA,NA,NA,NA,NA,367.566340470006,TRUE,0,0
"67","FPS",2,230,10,3,2015,2,0,7,0,0,0,"",16,14,9,"","",0,"",0,NA,NA,NA,NA,NA,NA,527.787565803085,TRUE,0,0
"68","FPS",2,230,10,4,2015,6,0,3,0,0,0,"",16,17,12,"","",0,"",0,NA,NA,NA,NA,NA,NA,854.513201776424,TRUE,0,0
"69","FPS",2,25,3,2,2015,1,5,0,0,3,0,"",9.5,12,6,"","",0,"",0,NA,NA,NA,NA,NA,NA,179.070781254618,TRUE,15,158.498910399745
"70","FPS",2,25,3,3,2015,4,4,0,0,0,1,"Salt bush",11,17,4,"","",0,"",0,NA,NA,NA,NA,NA,NA,195.825942073764,TRUE,15,158.498910399745
"71","FPS",2,25,3,1,2015,7,1,0,0,0,1,"Salt bush",16,24,15,"","",0,"",0,NA,NA,NA,NA,NA,NA,1507.9644737231,TRUE,15,158.498910399745
"72","FPS",2,25,3,4,2015,0,7,0,0,2,0,"",14.5,9,7,"","",0,"",0,NA,NA,NA,NA,NA,NA,239.153740754523,TRUE,15,158.498910399745
"73","FPS",2,280,11,1,2015,3,3,0,0,0,3,"Tumbleweed",17,14,14,"","",0,"",0,NA,NA,NA,NA,NA,NA,872.315560146766,TRUE,1,13.1921730868424
"74","FPS",2,280,11,2,2015,9,0,0,0,0,0,"",9,15,9.5,"","",0,"",0,NA,NA,NA,NA,NA,NA,335.757714852409,TRUE,1,13.1921730868424
"75","FPS",2,280,11,3,2015,0,9,0,0,0,0,"",17,12,7,"","",0,"",0,NA,NA,NA,NA,NA,NA,373.849525777185,TRUE,1,13.1921730868424
"76","FPS",2,280,11,4,2015,5,4,0,0,0,0,"",7,18,6,"","",0,"",0,NA,NA,NA,NA,NA,NA,197.920337176157,TRUE,1,13.1921730868424
"77","FPS",2,30,4,3,2015,8,0,1,0,0,0,"",11,11,9,"","",0,"",0,NA,NA,NA,NA,NA,NA,285.099533313274,TRUE,8,70.0235235814767
"78","FPS",2,30,4,2,2015,9,0,0,0,0,0,"",16,15.5,5.5,"","",0,"",0,NA,NA,NA,NA,NA,NA,357.09436495804,TRUE,8,70.0235235814767
"79","FPS",2,30,4,4,2015,9,0,0,0,0,0,"",13,18,10,"","",0,"",0,NA,NA,NA,NA,NA,NA,612.61056745001,TRUE,8,70.0235235814767
"80","FPS",2,30,4,1,2015,9,0,0,0,0,0,"",9,9,7,"","",0,"",0,NA,NA,NA,NA,NA,NA,148.440252882118,TRUE,8,70.0235235814767
"81","FPS",2,480,12,1,2015,4,0,5,0,0,0,"",21,11.5,11,"","",0,"tags and flags were moved and chewed- not 100% confident",0,NA,NA,NA,NA,NA,NA,695.47007368844,TRUE,0,0
"82","FPS",2,480,12,3,2015,3,0,2,4,0,0,"",12.5,15,7,"","",0,"tags and flags were moved and chewed- not 100% confident",0,NA,NA,NA,NA,NA,NA,343.611696486384,TRUE,0,0
"83","FPS",2,480,12,4,2015,4,0,2,3,0,0,"",13,16,10.5,"","",0,"tags and flags were moved and chewed- not 100% confident",0,NA,NA,NA,NA,NA,NA,571.769862953342,TRUE,0,0
"84","FPS",2,480,12,2,2015,7,0,2,0,0,0,"",13,16,6,"","",0,"tags and flags were moved and chewed- not 100% confident",0,NA,NA,NA,NA,NA,NA,326.725635973338,TRUE,0,0
"85","FPS",2,70,5,2,2015,6,0,3,0,0,0,"",13,14,9.5,"","",0,"",0,NA,NA,NA,NA,NA,NA,452.651141504729,TRUE,11,112.895338476031
"86","FPS",2,70,5,1,2015,7,1,1,0,0,0,"",8,10,7,"","",0,"",0,NA,NA,NA,NA,NA,NA,146.607657167524,TRUE,11,112.895338476031
"87","FPS",2,70,5,4,2015,6,0,3,0,0,0,"",15,15.5,12,"","",0,"",0,NA,NA,NA,NA,NA,NA,730.420291959627,TRUE,11,112.895338476031
"88","FPS",2,70,5,3,2015,1,7,1,0,0,0,"",12,13,11.5,"","",0,"",0,NA,NA,NA,NA,NA,NA,469.668101711674,TRUE,11,112.895338476031
"89","FPS",2,90,6,4,2015,7,0,2,0,0,0,"",8,22,5.5,"","",0,"",0,NA,NA,NA,NA,NA,NA,253.421807389577,TRUE,7,77.1866021103497
"90","FPS",2,90,6,2,2015,9,0,0,0,0,0,"",14,9,7,"","",0,"",0,NA,NA,NA,NA,NA,NA,230.90706003885,TRUE,7,77.1866021103497
"91","FPS",2,90,6,3,2015,6,1,2,0,0,0,"",14,19,18,"","",0,"",0,NA,NA,NA,NA,NA,NA,1253.49546878233,TRUE,7,77.1866021103497
"92","FPS",2,90,6,1,2015,0,9,0,0,0,0,"",14,14.5,11,"","",0,"",0,NA,NA,NA,NA,NA,NA,584.598032955501,TRUE,7,77.1866021103497
"93","FPS",3,10,1,3,2015,6,2,1,0,0,0,"",20,9,6.5,"","",0,"",0,NA,NA,NA,NA,NA,NA,306.305283725005,TRUE,4,37.230534581925
"94","FPS",3,10,1,4,2015,7,2,0,0,0,0,"",8,13,9,"","",0,"",0,NA,NA,NA,NA,NA,NA,245.044226980004,TRUE,4,37.230534581925
"95","FPS",3,10,1,1,2015,0,7,0,0,2,0,"",13,9,6,"","",0,"",0,NA,NA,NA,NA,NA,NA,183.783170235003,TRUE,4,37.230534581925
"96","FPS",3,10,1,2,2015,2,0,7,0,0,0,"",13,15,10,"","",0,"",0,NA,NA,NA,NA,NA,NA,510.508806208341,TRUE,4,37.230534581925
"97","FPS",3,155,7,1,2015,7,2,0,0,0,0,"",18,19,11,"","",0,"",0,NA,NA,NA,NA,NA,NA,984.8892969004,TRUE,3,37.5903134942038
"98","FPS",3,155,7,2,2015,9,0,0,0,0,0,"",12,16.5,7,"","",0,"",0,NA,NA,NA,NA,NA,NA,362.853951489621,TRUE,3,37.5903134942038
"99","FPS",3,155,7,3,2015,5,4,0,0,0,0,"",21,13,8,"","",0,"",0,NA,NA,NA,NA,NA,NA,571.769862953342,TRUE,3,37.5903134942038
"100","FPS",3,155,7,4,2015,9,0,0,0,0,0,"",7,13,8,"","",0,"",0,NA,NA,NA,NA,NA,NA,190.589954317781,TRUE,3,37.5903134942038
"101","FPS",3,165,8,2,2015,4,0,5,0,0,0,"",14,6,4.5,"","",0,"",0,NA,NA,NA,NA,NA,NA,98.9601685880785,TRUE,0,0
"102","FPS",3,165,8,1,2015,8,0,1,0,0,0,"",8,12,5,"","",0,"",0,NA,NA,NA,NA,NA,NA,125.663706143592,TRUE,0,0
"103","FPS",3,165,8,3,2015,4,0,5,0,0,0,"",14.5,17,13,"","",0,"",0,NA,NA,NA,NA,NA,NA,838.936138202374,TRUE,0,0
"104","FPS",3,165,8,4,2015,2,0,7,0,0,0,"",8,14,7,"","",0,"",0,NA,NA,NA,NA,NA,NA,205.250720034533,TRUE,0,0
"105","FPS",3,215,9,1,2015,7,0,2,0,0,0,"",11,10,8,"","",0,"",0,NA,NA,NA,NA,NA,NA,230.383461263252,TRUE,0,0
"106","FPS",3,215,9,2,2015,3,3,3,0,0,0,"",6,12,6,"","",0,"",0,NA,NA,NA,NA,NA,NA,113.097335529233,TRUE,0,0
"107","FPS",3,215,9,4,2015,7,2,0,0,0,0,"",8,14.5,7,"","",0,"",0,NA,NA,NA,NA,NA,NA,212.581102892909,TRUE,0,0
"108","FPS",3,215,9,3,2015,8,0,1,0,0,0,"",11,12,11,"","",0,"",0,NA,NA,NA,NA,NA,NA,380.132711084365,TRUE,0,0
"109","FPS",3,325,10,3,2015,1,0,8,0,0,0,"",19,10,5.5,"","",0,"",0,NA,NA,NA,NA,NA,NA,273.580360250111,TRUE,0,0
"110","FPS",3,325,10,4,2015,6,0,3,0,0,0,"",15,17,15,"","",0,"",0,NA,NA,NA,NA,NA,NA,1001.38265833175,TRUE,0,0
"111","FPS",3,325,10,1,2015,7,0,2,0,0,0,"",15,13,11.5,"","",0,"",0,NA,NA,NA,NA,NA,NA,587.085127139592,TRUE,0,0
"112","FPS",3,325,10,2,2015,4,0,5,0,0,0,"",20.5,14,7,"","",0,"",0,NA,NA,NA,NA,NA,NA,525.954970088491,TRUE,0,0
"113","FPS",3,35,2,4,2015,9,0,0,0,0,0,"",11,16.5,13,"","",0,"",0,NA,NA,NA,NA,NA,NA,617.715655512093,TRUE,20,204.530918051109
"114","FPS",3,35,2,2,2015,7,2,0,0,0,0,"",20.5,10,9,"","",0,"",0,NA,NA,NA,NA,NA,NA,483.019870489431,TRUE,20,204.530918051109
"115","FPS",3,35,2,3,2015,9,0,0,0,0,0,"",9,12,12,"Defiance","",1,"",0,NA,NA,NA,NA,NA,NA,339.292006587698,TRUE,20,204.530918051109
"116","FPS",3,35,2,1,2015,9,0,0,0,0,0,"",13,19,13,"","",0,"",0,NA,NA,NA,NA,NA,NA,840.637834223069,TRUE,20,204.530918051109
"117","FPS",3,40,3,3,2015,3,6,0,0,0,0,"",10,13,12,"","",0,"",0,NA,NA,NA,NA,NA,NA,408.407044966673,TRUE,11,111.777501946243
"118","FPS",3,40,3,1,2015,5,4,0,0,0,0,"",15,7,6,"","",0,"",0,NA,NA,NA,NA,NA,NA,164.933614313464,TRUE,11,111.777501946243
"119","FPS",3,40,3,2,2015,3,6,0,0,0,0,"",26,12,8,"","",0,"",0,NA,NA,NA,NA,NA,NA,653.451271946677,TRUE,11,111.777501946243
"120","FPS",3,40,3,4,2015,0,9,0,0,0,0,"",9,9,6,"","",0,"",0,NA,NA,NA,NA,NA,NA,127.234502470387,TRUE,11,111.777501946243
"121","FPS",3,405,11,3,2015,0,0,2,0,0,7,"Athratplx (salt bush)",15,16.5,15.5,"","",0,"",0,NA,NA,NA,NA,NA,NA,1004.32790144449,TRUE,0,0
"122","FPS",3,405,11,4,2015,3,0,4,0,0,2,"Athratplx (salt bush)",7,11,8.5,"","",0,"",0,NA,NA,NA,NA,NA,NA,171.347699314543,TRUE,0,0
"123","FPS",3,405,11,2,2015,4,0,5,0,0,0,"",13,18.5,15,"","",0,"",0,NA,NA,NA,NA,NA,NA,944.441291485432,TRUE,0,0
"124","FPS",3,405,11,1,2015,5,0,4,0,0,0,"",9.5,9.5,4,"","",0,"",0,NA,NA,NA,NA,NA,NA,94.5095789954929,TRUE,0,0
"125","FPS",3,55,4,4,2015,4,5,0,0,0,0,"",9,15,9,"","",0,"",0,NA,NA,NA,NA,NA,NA,318.086256175967,TRUE,17,157.202774665058
"126","FPS",3,55,4,3,2015,9,0,0,0,0,0,"",8.5,11,8,"","",0,"",0,NA,NA,NA,NA,NA,NA,195.825942073764,TRUE,17,157.202774665058
"127","FPS",3,55,4,1,2015,6,3,0,0,0,0,"",9,12.5,7,"","",0,"",0,NA,NA,NA,NA,NA,NA,206.16701789183,TRUE,17,157.202774665058
"128","FPS",3,55,4,2,2015,5,4,0,0,0,0,"",9,22,14,"","",0,"",0,NA,NA,NA,NA,NA,NA,725.707902979242,TRUE,17,157.202774665058
"129","FPS",3,555,12,4,2015,4,0,5,0,0,0,"",21,11,8,"","",0,"",0,NA,NA,NA,NA,NA,NA,483.805268652828,TRUE,0,0
"130","FPS",3,555,12,1,2015,5,0,4,0,0,0,"",11,10.5,6,"","",0,"",0,NA,NA,NA,NA,NA,NA,181.426975744811,TRUE,0,0
"131","FPS",3,555,12,3,2015,5,0,4,0,0,0,"",15,16,7.5,"","",0,"",0,NA,NA,NA,NA,NA,NA,471.238898038469,TRUE,0,0
"132","FPS",3,555,12,2,2015,7,0,2,0,0,0,"",13,15,7.5,"","",0,"",0,NA,NA,NA,NA,NA,NA,382.881604656256,TRUE,0,0
"133","FPS",3,70,5,1,2015,9,0,0,0,0,0,"",12,9,5,"","",0,"",0,NA,NA,NA,NA,NA,NA,141.371669411541,TRUE,23,202.301528632958
"134","FPS",3,70,5,2,2015,9,0,0,0,0,0,"",13,11,9,"","",0,"",0,NA,NA,NA,NA,NA,NA,336.935812097505,TRUE,23,202.301528632958
"135","FPS",3,70,5,3,2015,9,0,0,0,0,0,"",9,15,11.5,"","",0,"",0,NA,NA,NA,NA,NA,NA,406.44354955818,TRUE,23,202.301528632958
"136","FPS",3,70,5,4,2015,8,1,0,0,0,0,"",10,17.5,13.5,"","",0,"",0,NA,NA,NA,NA,NA,NA,618.50105367549,TRUE,23,202.301528632958
"137","FPS",3,75,6,1,2015,7,2,0,0,0,0,"",7,3,2.5,"","",0,"",0,NA,NA,NA,NA,NA,NA,13.7444678594553,TRUE,16,133.193627881105
"138","FPS",3,75,6,2,2015,4,5,0,0,0,0,"",8,24,10,"","",0,"",0,NA,NA,NA,NA,NA,NA,502.654824574367,TRUE,16,133.193627881105
"139","FPS",3,75,6,3,2015,8,1,0,0,0,0,"",14,15,11,"","",0,"no leaves, but stem was green",0,NA,NA,NA,NA,NA,NA,604.756585816035,TRUE,16,133.193627881105
"140","FPS",3,75,6,4,2015,9,0,0,0,0,0,"",13.5,13.5,6,"","",0,"",0,NA,NA,NA,NA,NA,NA,286.27763055837,TRUE,16,133.193627881105
"141","MOD",1,10,2,4,2015,9,0,0,0,0,0,"",9,16,9,"","",0,"",0,NA,NA,NA,NA,NA,NA,339.292006587698,TRUE,17,189.386143418299
"142","MOD",1,10,2,3,2015,8,1,0,0,0,0,"",13,14,12,"","",0,"",0,NA,NA,NA,NA,NA,NA,571.769862953342,TRUE,17,189.386143418299
"143","MOD",1,10,2,2,2015,9,0,0,0,0,0,"",10.5,22,6,"","",0,"",0,NA,NA,NA,NA,NA,NA,362.853951489621,TRUE,17,189.386143418299
"144","MOD",1,10,2,1,2015,8,1,0,0,0,0,"",12,18,9,"","",0,"",0,NA,NA,NA,NA,NA,NA,508.938009881546,TRUE,17,189.386143418299
"145","MOD",1,110,9,3,2015,7,0,2,0,0,0,"",10,19,10,"","",0,"",0,NA,NA,NA,NA,NA,NA,497.418836818384,TRUE,2,22.897303645961
"146","MOD",1,110,9,4,2015,3,0,6,0,0,0,"",11,14,9,"","",0,"",0,NA,NA,NA,NA,NA,NA,362.853951489621,TRUE,2,22.897303645961
"147","MOD",1,110,9,2,2015,5,0,4,0,0,0,"",16,10,8,"","",0,"",0,NA,NA,NA,NA,NA,NA,335.103216382911,TRUE,2,22.897303645961
"148","MOD",1,110,9,1,2015,0,0,9,0,0,0,"",12,13.5,6.5,"","",0,"",0,NA,NA,NA,NA,NA,NA,275.674755352504,TRUE,2,22.897303645961
"149","MOD",1,15,3,2,2015,7,2,0,0,0,0,"",8.5,14,8,"","",0,"",0,NA,NA,NA,NA,NA,NA,249.23301718479,TRUE,18,186.992421512354
"150","MOD",1,15,3,1,2015,5,4,0,0,0,0,"",9,16.5,15,"","",0,"",0,NA,NA,NA,NA,NA,NA,583.158136322605,TRUE,18,186.992421512354
"151","MOD",1,15,3,4,2015,9,0,0,0,0,0,"",12,8,11.5,"","",0,"",0,NA,NA,NA,NA,NA,NA,289.026524130261,TRUE,18,186.992421512354
"152","MOD",1,15,3,3,2015,9,0,0,0,0,0,"",11,11,6.5,"","",0,"",0,NA,NA,NA,NA,NA,NA,205.905218504031,TRUE,18,186.992421512354
"153","MOD",1,170,10,4,2015,9,0,0,0,0,0,"",12.5,11.5,11,"","",0,"",0,NA,NA,NA,NA,NA,NA,413.970281957405,TRUE,0,0
"154","MOD",1,170,10,1,2015,7,0,2,0,0,0,"",10,18,11,"","",1,"",0,NA,NA,NA,NA,NA,NA,518.362787842316,TRUE,0,0
"155","MOD",1,170,10,3,2015,6,0,3,0,0,0,"",10,14,12,"","",0,"",0,NA,NA,NA,NA,NA,NA,439.822971502571,TRUE,0,0
"156","MOD",1,170,10,2,2015,9,0,0,0,0,0,"",11,14,9,"","",0,"",0,NA,NA,NA,NA,NA,NA,362.853951489621,TRUE,0,0
"157","MOD",1,20,4,2,2015,7,0,0,0,2,0,"",23,16,10,"","",0,"",0,NA,NA,NA,NA,NA,NA,963.42174710087,TRUE,8,90.083181647746
"158","MOD",1,20,4,1,2015,0,5,0,0,4,0,"",14.5,12.5,8,"","",0,"",0,NA,NA,NA,NA,NA,NA,379.609112308767,TRUE,8,90.083181647746
"159","MOD",1,20,4,3,2015,3,4,0,0,2,0,"",13.5,13,11,"","",0,"",0,NA,NA,NA,NA,NA,NA,505.403718146258,TRUE,8,90.083181647746
"160","MOD",1,20,4,4,2015,3,2,0,0,4,0,"",14,19,9,"","",0,"",0,NA,NA,NA,NA,NA,NA,626.747734391164,TRUE,8,90.083181647746
"161","MOD",1,210,11,3,2015,4,0,4,0,0,1,"Guttierize",14,13,7.5,"","",0,"",0,NA,NA,NA,NA,NA,NA,357.356164345839,TRUE,0,0
"162","MOD",1,210,11,1,2015,8,0,0,0,0,1,"Guttierize",21.5,14,8,"","",0,"",0,NA,NA,NA,NA,NA,NA,630.412925820352,TRUE,0,0
"163","MOD",1,210,11,2,2015,3,0,4,0,0,2,"Guttierize",15,10,10,"","",0,"",0,NA,NA,NA,NA,NA,NA,392.699081698724,TRUE,0,0
"164","MOD",1,210,11,4,2015,2,0,6,0,0,1,"Guttierize",11.5,15.5,6.5,"","",0,"",0,NA,NA,NA,NA,NA,NA,303.327315688789,TRUE,0,0
"165","MOD",1,320,12,4,2015,6,0,0,0,3,0,"",20,21,10,"","",0,"",0,NA,NA,NA,NA,NA,NA,1099.55742875643,TRUE,0,0
"166","MOD",1,320,12,3,2015,5,0,0,0,4,0,"",6.5,16.5,17,"Woodrow Wilson","",0,"",0,NA,NA,NA,NA,NA,NA,477.325733804799,TRUE,0,0
"167","MOD",1,320,12,1,2015,1,0,6,0,2,0,"",11,22,11,"Natalie Wood","",0,"",0,NA,NA,NA,NA,NA,NA,696.909970321336,TRUE,0,0
"168","MOD",1,320,12,2,2015,7,0,0,0,2,0,"",5.5,16.5,11,"","",0,"",0,NA,NA,NA,NA,NA,NA,261.341238870501,TRUE,0,0
"169","MOD",1,35,5,1,2015,9,0,0,0,0,0,"",8,12,6.5,"","",0,"",0,NA,NA,NA,NA,NA,NA,163.362817986669,TRUE,3,31.7848578427943
"170","MOD",1,35,5,3,2015,9,0,0,0,0,0,"",15,14.5,70.5,"","",0,"",0,NA,NA,NA,NA,NA,NA,4014.36636266521,TRUE,3,31.7848578427943
"171","MOD",1,35,5,4,2015,8,0,0,0,1,0,"",8,20.5,17,"","",0,"",0,NA,NA,NA,NA,NA,NA,729.896693184029,TRUE,3,31.7848578427943
"172","MOD",1,35,5,2,2015,9,0,0,0,0,0,"",4.5,7.5,7.5,"","",0,"",0,NA,NA,NA,NA,NA,NA,66.2679700366597,TRUE,3,31.7848578427943
"173","MOD",1,5,1,3,2015,3,2,0,0,4,0,"",8.5,12,8,"","",0,"",0,NA,NA,NA,NA,NA,NA,213.628300444106,TRUE,18,192.234010156704
"174","MOD",1,5,1,1,2015,2,1,0,0,6,0,"",12,11,8,"","",0,"",0,NA,NA,NA,NA,NA,NA,276.460153515902,TRUE,18,192.234010156704
"175","MOD",1,5,1,2,2015,7,1,0,0,0,1,"Mequite",13,14.5,9,"","",0,"",0,NA,NA,NA,NA,NA,NA,444.142661401257,TRUE,18,192.234010156704
"176","MOD",1,5,1,4,2015,3,6,0,0,0,0,"",11.5,17,12,"","",0,"",0,NA,NA,NA,NA,NA,NA,614.181363776805,TRUE,18,192.234010156704
"177","MOD",1,50,6,2,2015,4,5,0,0,0,0,"",10,13,12.5,"","",0,"",0,NA,NA,NA,NA,NA,NA,425.424005173618,TRUE,9,102.860715008345
"178","MOD",1,50,6,3,2015,9,0,0,0,0,0,"",14,10,4,"","",0,"",0,NA,NA,NA,NA,NA,NA,146.607657167524,TRUE,9,102.860715008345
"179","MOD",1,50,6,1,2015,8,0,0,0,1,0,"",13,14,6,"","",0,"",0,NA,NA,NA,NA,NA,NA,285.884931476671,TRUE,9,102.860715008345
"180","MOD",1,50,6,4,2015,2,7,0,0,0,0,"",10,13,5,"","",0,"",0,NA,NA,NA,NA,NA,NA,170.169602069447,TRUE,9,102.860715008345
"181","MOD",1,70,7,3,2015,4,1,0,0,4,0,"",9.5,12,8.5,"","",0,"",0,NA,NA,NA,NA,NA,NA,253.683606777376,TRUE,5,60.5322256955507
"182","MOD",1,70,7,1,2015,3,3,0,0,3,0,"",27,8.5,4,"","",0,"",0,NA,NA,NA,NA,NA,NA,240.331837999619,TRUE,5,60.5322256955507
"183","MOD",1,70,7,2,2015,0,9,0,0,0,0,"",11,17,8,"","",0,"",0,NA,NA,NA,NA,NA,NA,391.651884147528,TRUE,5,60.5322256955507
"184","MOD",1,70,7,4,2015,3,6,0,0,0,0,"",10,12.5,11,"","",0,"",0,NA,NA,NA,NA,NA,NA,359.97415822383,TRUE,5,60.5322256955507
"185","MOD",1,85,8,1,2015,9,0,0,0,0,0,"",10,13,12,"","",0,"",0,NA,NA,NA,NA,NA,NA,408.407044966673,TRUE,1,11.7604889116496
"186","MOD",1,85,8,4,2015,9,0,0,0,0,0,"",7.5,11,6,"","",1,"",0,NA,NA,NA,NA,NA,NA,129.590696960579,TRUE,1,11.7604889116496
"187","MOD",1,85,8,2,2015,6,0,0,0,0,3,"yucca",11,21,11,"","",0,"",0,NA,NA,NA,NA,NA,NA,665.232244397639,TRUE,1,11.7604889116496
"188","MOD",1,85,8,3,2015,8,0,0,0,1,0,"",8.5,10,9,"","",0,"",0,NA,NA,NA,NA,NA,NA,200.276531666349,TRUE,1,11.7604889116496
"189","MOD",2,10,2,1,2015,9,0,0,0,0,0,"",12,13,7,"","",0,"",0,NA,NA,NA,NA,NA,NA,285.884931476671,TRUE,11,119.742517006632
"190","MOD",2,10,2,2,2015,4,5,0,0,0,0,"",6,21,8.5,"","",0,"",0,NA,NA,NA,NA,NA,NA,280.387144332889,TRUE,11,119.742517006632
"191","MOD",2,10,2,3,2015,4,4,0,0,1,0,"",11,12,9.5,"","",0,"",0,NA,NA,NA,NA,NA,NA,328.296432300133,TRUE,11,119.742517006632
"192","MOD",2,10,2,4,2015,0,9,0,0,0,0,"",10.5,13.5,9,"","",0,"",0,NA,NA,NA,NA,NA,NA,333.990568984765,TRUE,11,119.742517006632
"193","MOD",2,105,8,1,2015,4,0,5,0,0,0,"",8,13,10.5,"","",0,"",0,NA,NA,NA,NA,NA,NA,285.884931476671,TRUE,0,0
"194","MOD",2,105,8,3,2015,7,0,2,0,0,0,"",9.5,21,14,"","",0,"",0,NA,NA,NA,NA,NA,NA,731.205690123024,TRUE,0,0
"195","MOD",2,105,8,4,2015,4,0,5,0,0,0,"",10.5,20,11,"","",0,"",0,NA,NA,NA,NA,NA,NA,604.756585816035,TRUE,0,0
"196","MOD",2,105,8,2,2015,3,0,6,0,0,0,"",6.5,11,4,"","",0,"",0,NA,NA,NA,NA,NA,NA,74.8746249105567,TRUE,0,0
"197","MOD",2,15,3,2,2015,6,3,0,0,0,0,"",8.5,8,6,"","",0,"",0,NA,NA,NA,NA,NA,NA,106.814150222053,TRUE,5,59.1819854113259
"198","MOD",2,15,3,1,2015,7,2,0,0,0,0,"",8.5,11,5.5,"","",0,"",0,NA,NA,NA,NA,NA,NA,134.630335175713,TRUE,5,59.1819854113259
"199","MOD",2,15,3,3,2015,0,9,0,0,0,0,"",15,14,6,"","",0,"",0,NA,NA,NA,NA,NA,NA,329.867228626928,TRUE,5,59.1819854113259
"200","MOD",2,15,3,4,2015,1,8,0,0,0,0,"",22,13,7,"","",0,"",0,NA,NA,NA,NA,NA,NA,524.122374373897,TRUE,5,59.1819854113259
"201","MOD",2,155,9,1,2015,9,0,0,0,0,0,"",13,14,7,"","",0,"",0,NA,NA,NA,NA,NA,NA,333.532420056116,TRUE,0,0
"202","MOD",2,155,9,4,2015,4,0,5,0,0,0,"",4,13,8.5,"","",0,"",0,NA,NA,NA,NA,NA,NA,115.715329407224,TRUE,0,0
"203","MOD",2,155,9,2,2015,5,0,4,0,0,0,"",11,14,4,"","",0,"",0,NA,NA,NA,NA,NA,NA,161.268422884276,TRUE,0,0
"204","MOD",2,155,9,3,2015,5,0,4,0,0,0,"",18,8,8,"","",1,"",1,3,1.5,1.5,0,0,1,301.59289474462,TRUE,0,0
"205","MOD",2,190,10,4,2015,7,0,0,0,2,0,"",11.5,15.5,11,"","",0,"",0,NA,NA,NA,NA,NA,NA,513.323149627182,TRUE,0,0
"206","MOD",2,190,10,1,2015,9,0,0,0,0,0,"",12,18,14,"","",0,"",0,NA,NA,NA,NA,NA,NA,791.681348704628,TRUE,0,0
"207","MOD",2,190,10,2,2015,9,0,0,0,0,0,"",9.5,26,9.5,"","",0,"",0,NA,NA,NA,NA,NA,NA,614.312263470704,TRUE,0,0
"208","MOD",2,190,10,3,2015,8,0,0,0,1,0,"",10,17,8.5,"","",0,"",0,NA,NA,NA,NA,NA,NA,378.300115369771,TRUE,0,0
"209","MOD",2,205,11,2,2015,7,0,0,0,2,0,"",15.5,17,10,"","",0,"",0,NA,NA,NA,NA,NA,NA,689.841386850759,TRUE,0,0
"210","MOD",2,205,11,1,2015,6,0,0,0,3,0,"",3,14,7.5,"","",0,"",0,NA,NA,NA,NA,NA,NA,82.4668071567321,TRUE,0,0
"211","MOD",2,205,11,3,2015,5,0,1,0,3,0,"",11,18,6,"","",0,"",0,NA,NA,NA,NA,NA,NA,311.017672705389,TRUE,0,0
"212","MOD",2,205,11,4,2015,7,0,0,0,2,0,"",7.5,8,7.5,"","",0,"",0,NA,NA,NA,NA,NA,NA,117.809724509617,TRUE,0,0
"213","MOD",2,25,4,3,2015,9,0,0,0,0,0,"",9.5,17,12,"","",0,"",0,NA,NA,NA,NA,NA,NA,507.367213554752,TRUE,3,39.6312877989288
"214","MOD",2,25,4,1,2015,9,0,0,0,0,0,"",10,19,12,"","",0,"",0,NA,NA,NA,NA,NA,NA,596.902604182061,TRUE,3,39.6312877989288
"215","MOD",2,25,4,2,2015,9,0,0,0,0,0,"",14.5,15,8,"","",0,"",0,NA,NA,NA,NA,NA,NA,455.53093477052,TRUE,3,39.6312877989288
"216","MOD",2,25,4,4,2015,7,0,0,0,2,0,"",11.5,13,10,"","",0,"",0,NA,NA,NA,NA,NA,NA,391.390084759728,TRUE,3,39.6312877989288
"217","MOD",2,265,12,1,2015,4,0,5,0,0,0,"",11.5,11.5,8,"","",0,"",0,NA,NA,NA,NA,NA,NA,276.9837522915,TRUE,0,0
"218","MOD",2,265,12,2,2015,3,0,6,0,0,0,"",6,8,5,"","",0,"",0,NA,NA,NA,NA,NA,NA,62.8318530717959,TRUE,0,0
"219","MOD",2,265,12,3,2015,6,0,3,0,0,0,"",15,14,6.5,"Anne Boyeln","",0,"",0,NA,NA,NA,NA,NA,NA,357.356164345839,TRUE,0,0
"220","MOD",2,265,12,4,2015,6,0,3,0,0,0,"",9,17,13,"","",0,"",0,NA,NA,NA,NA,NA,NA,520.718982332508,TRUE,0,0
"221","MOD",2,35,5,1,2015,4,3,0,0,2,0,"",13,22,11,"","",0,"",0,NA,NA,NA,NA,NA,NA,823.620874016124,TRUE,0,0
"222","MOD",2,35,5,2,2015,4,0,0,0,5,0,"",9,14.5,13,"","",0,"",0,NA,NA,NA,NA,NA,NA,444.142661401257,TRUE,0,0
"223","MOD",2,35,5,3,2015,5,0,0,0,4,0,"",11,15,14,"","",0,"",0,NA,NA,NA,NA,NA,NA,604.756585816035,TRUE,0,0
"224","MOD",2,35,5,4,2015,6,0,0,0,3,0,"",11,14.5,8,"","",0,"",0,NA,NA,NA,NA,NA,NA,334.056018831715,TRUE,0,0
"225","MOD",2,5,1,2,2015,9,0,0,0,0,0,"",15,16,8,"","",0,"",0,NA,NA,NA,NA,NA,NA,502.654824574367,TRUE,14,154.417831229888
"226","MOD",2,5,1,1,2015,7,0,0,0,0,2,"opuntia",17,13,7,"","",0,"",0,NA,NA,NA,NA,NA,NA,405.003652925284,TRUE,14,154.417831229888
"227","MOD",2,5,1,3,2015,6,3,0,0,0,0,"",7.5,16,7,"","",0,"",0,NA,NA,NA,NA,NA,NA,219.911485751286,TRUE,14,154.417831229888
"228","MOD",2,5,1,4,2015,9,0,0,0,0,0,"",16,21,8,"","",0,"",0,NA,NA,NA,NA,NA,NA,703.716754404114,TRUE,14,154.417831229888
"229","MOD",2,70,6,2,2015,3,0,6,0,0,0,"",13.5,19,8,"","",0,"",0,NA,NA,NA,NA,NA,NA,537.212343763855,TRUE,0,0
"230","MOD",2,70,6,4,2015,6,0,0,0,3,0,"",13,18,8,"","",0,"",0,NA,NA,NA,NA,NA,NA,490.088453960008,TRUE,0,0
"231","MOD",2,70,6,1,2015,8,0,1,0,0,0,"",13,13,9,"","",0,"",0,NA,NA,NA,NA,NA,NA,398.196868842506,TRUE,0,0
"232","MOD",2,70,6,3,2015,6,0,0,0,3,0,"",19,14,11,"","",0,"",0,NA,NA,NA,NA,NA,NA,766.025008700311,TRUE,0,0
"233","MOD",2,75,7,4,2015,7,0,0,0,2,0,"",15,14,13,"","",0,"",0,NA,NA,NA,NA,NA,NA,714.712328691678,TRUE,0,0
"234","MOD",2,75,7,2,2015,6,0,0,0,3,0,"",12,23.5,8,"","",0,"",0,NA,NA,NA,NA,NA,NA,590.619418874881,TRUE,0,0
"235","MOD",2,75,7,3,2015,8,0,1,0,0,0,"",10,17.5,10.5,"","",0,"",0,NA,NA,NA,NA,NA,NA,481.056375080937,TRUE,0,0
"236","MOD",2,75,7,1,2015,4,0,2,0,3,0,"",9.5,16.5,10,"","",0,"",0,NA,NA,NA,NA,NA,NA,410.370540375167,TRUE,0,0
"237","MOD",3,100,6,1,2015,9,0,0,0,0,0,"",13,10,6,"","",0,"",0,NA,NA,NA,NA,NA,NA,204.203522483337,TRUE,16,174.289740783718
"238","MOD",3,100,6,2,2015,9,0,0,0,0,0,"",21,16,12,"","",0,"",0,NA,NA,NA,NA,NA,NA,1055.57513160617,TRUE,16,174.289740783718
"239","MOD",3,100,6,4,2015,7,2,0,0,0,0,"",13,13,10.5,"","",0,"",0,NA,NA,NA,NA,NA,NA,464.563013649591,TRUE,16,174.289740783718
"240","MOD",3,100,6,3,2015,9,0,0,0,0,0,"",6,11.5,8,"","",0,"",0,NA,NA,NA,NA,NA,NA,144.51326206513,TRUE,16,174.289740783718
"241","MOD",3,105,7,1,2015,9,0,0,0,0,0,"",9,9,4,"","",0,"",0,NA,NA,NA,NA,NA,NA,84.8230016469244,TRUE,2,24.6975242987266
"242","MOD",3,105,7,4,2015,5,4,0,0,0,0,"",7,18.5,11,"","",0,"",0,NA,NA,NA,NA,NA,NA,372.933227919888,TRUE,2,24.6975242987266
"243","MOD",3,105,7,2,2015,7,2,0,0,0,0,"",7,19,9,"","",0,"",0,NA,NA,NA,NA,NA,NA,313.373867195582,TRUE,2,24.6975242987266
"244","MOD",3,105,7,3,2015,8,1,0,0,0,0,"",8,10,7.5,"","",0,"",0,NA,NA,NA,NA,NA,NA,157.07963267949,TRUE,2,24.6975242987266
"245","MOD",3,110,8,4,2015,9,0,0,0,0,0,"",7,16,9.5,"","",0,"",0,NA,NA,NA,NA,NA,NA,278.554548618295,TRUE,4,47.6805851873628
"246","MOD",3,110,8,2,2015,9,0,0,0,0,0,"",9,8.5,5,"","",0,"",0,NA,NA,NA,NA,NA,NA,100.138265833175,TRUE,4,47.6805851873628
"247","MOD",3,110,8,3,2015,9,0,0,0,0,0,"",12.5,14,10.5,"","",0,"",0,NA,NA,NA,NA,NA,NA,481.056375080937,TRUE,4,47.6805851873628
"248","MOD",3,110,8,1,2015,9,0,0,0,0,0,"",8,12,6,"","",0,"",0,NA,NA,NA,NA,NA,NA,150.79644737231,TRUE,4,47.6805851873628
"249","MOD",3,160,9,2,2015,7,0,2,0,0,0,"",12,17,12,"","",0,"",0,NA,NA,NA,NA,NA,NA,640.884901332318,TRUE,1,13.2468558306291
"250","MOD",3,160,9,3,2015,3,0,6,0,0,0,"",8.5,11,7.5,"","",0,"",0,NA,NA,NA,NA,NA,NA,183.586820694154,TRUE,1,13.2468558306291
"251","MOD",3,160,9,1,2015,4,0,5,0,0,0,"",10,13,5,"","",0,"",0,NA,NA,NA,NA,NA,NA,170.169602069447,TRUE,1,13.2468558306291
"252","MOD",3,160,9,4,2015,3,0,6,0,0,0,"",9.5,10,3.5,"","",0,"",0,NA,NA,NA,NA,NA,NA,87.0482964432172,TRUE,1,13.2468558306291
"253","MOD",3,190,10,3,2015,4,0,5,0,0,0,"",7,6,3.5,"","",0,"",0,NA,NA,NA,NA,NA,NA,38.484510006475,TRUE,0,0
"254","MOD",3,190,10,1,2015,4,0,5,0,0,0,"",16,14,8.5,"","",0,"",0,NA,NA,NA,NA,NA,NA,498.46603436958,TRUE,0,0
"255","MOD",3,190,10,2,2015,8,0,1,0,0,0,"",8,14,10,"","",0,"",0,NA,NA,NA,NA,NA,NA,293.215314335047,TRUE,0,0
"256","MOD",3,190,10,4,2015,4,0,5,0,0,0,"",10,13,10,"","",0,"",0,NA,NA,NA,NA,NA,NA,340.339204138894,TRUE,0,0
"257","MOD",3,25,1,2,2015,2,7,0,0,0,0,"",11.5,10.5,8,"","",0,"",0,NA,NA,NA,NA,NA,NA,252.898208613978,TRUE,7,80.473723875712
"258","MOD",3,25,1,1,2015,6,3,0,0,0,0,"",14.5,11,9,"","",0,"",0,NA,NA,NA,NA,NA,NA,375.813021185679,TRUE,7,80.473723875712
"259","MOD",3,25,1,3,2015,1,8,0,0,0,0,"",12,15.5,8,"","",0,"",0,NA,NA,NA,NA,NA,NA,389.557489045134,TRUE,7,80.473723875712
"260","MOD",3,25,1,4,2015,7,2,0,0,0,0,"",9,17,9.5,"","",0,"",0,NA,NA,NA,NA,NA,NA,380.525410166064,TRUE,7,80.473723875712
"261","MOD",3,325,11,2,2015,4,0,5,0,0,0,"",16,17.5,10,"","",0,"",0,NA,NA,NA,NA,NA,NA,733.038285837618,TRUE,0,0
"262","MOD",3,325,11,1,2015,5,0,3,1,0,0,"",8,15,9,"","",0,"",0,NA,NA,NA,NA,NA,NA,282.743338823081,TRUE,0,0
"263","MOD",3,325,11,4,2015,0,0,9,0,0,0,"",15,14,11,"","",0,"",0,NA,NA,NA,NA,NA,NA,604.756585816035,TRUE,0,0
"264","MOD",3,325,11,3,2015,5,0,4,0,0,0,"",11,15.5,8,"","",0,"",0,NA,NA,NA,NA,NA,NA,357.09436495804,TRUE,0,0
"265","MOD",3,390,12,3,2015,5,0,3,1,0,0,"",15,13,6,"","",0,"",0,NA,NA,NA,NA,NA,NA,306.305283725005,TRUE,0,0
"266","MOD",3,390,12,4,2015,4,0,0,3,2,0,"",8.5,7,3,"","",0,"",0,NA,NA,NA,NA,NA,NA,46.7311907221482,TRUE,0,0
"267","MOD",3,390,12,1,2015,7,0,0,2,0,0,"",9,9,4.5,"","",0,"",0,NA,NA,NA,NA,NA,NA,95.42587685279,TRUE,0,0
"268","MOD",3,390,12,2,2015,6,0,0,0,3,0,"",5,11,5,"","",0,"",0,NA,NA,NA,NA,NA,NA,71.9948316447661,TRUE,0,0
"269","MOD",3,45,2,3,2015,7,2,0,0,0,0,"",9,20,10,"","",0,"",0,NA,NA,NA,NA,NA,NA,471.238898038469,TRUE,11,114.961747909531
"270","MOD",3,45,2,1,2015,2,6,0,0,1,0,"",14,12.5,6,"","",0,"",0,NA,NA,NA,NA,NA,NA,274.889357189107,TRUE,11,114.961747909531
"271","MOD",3,45,2,2,2015,7,1,0,0,1,0,"",7.5,12,9.5,"","",0,"",0,NA,NA,NA,NA,NA,NA,223.838476568273,TRUE,11,114.961747909531
"272","MOD",3,45,2,4,2015,6,2,0,0,1,0,"",5,21,10,"","",0,"",0,NA,NA,NA,NA,NA,NA,274.889357189107,TRUE,11,114.961747909531
"273","MOD",3,55,3,1,2015,1,8,0,0,0,0,"",9,18,11,"","",0,"",0,NA,NA,NA,NA,NA,NA,466.526509058084,TRUE,4,47.8652262843147
"274","MOD",3,55,3,2,2015,9,0,0,0,0,0,"",15.5,17,13,"","",0,"",0,NA,NA,NA,NA,NA,NA,896.793802905986,TRUE,4,47.8652262843147
"275","MOD",3,55,3,3,2015,2,7,0,0,0,0,"Tom said she will survive",11,15,10,"Lucifer (aka Lucy)","",0,"",0,NA,NA,NA,NA,NA,NA,431.968989868597,TRUE,4,47.8652262843147
"276","MOD",3,55,3,4,2015,9,0,0,0,0,0,"",9.5,15.5,10,"","",0,"",0,NA,NA,NA,NA,NA,NA,385.499598534248,TRUE,4,47.8652262843147
"277","MOD",3,60,4,1,2015,9,0,0,0,0,0,"",12,10,12,"","",0,"",0,NA,NA,NA,NA,NA,NA,376.991118430775,TRUE,4,48.7321525884509
"278","MOD",3,60,4,4,2015,9,0,0,0,0,0,"",14.5,13.5,11,"","",0,"",0,NA,NA,NA,NA,NA,NA,563.719531778519,TRUE,4,48.7321525884509
"279","MOD",3,60,4,3,2015,9,0,0,0,0,0,"",15,11,6,"","",1,"",0,NA,NA,NA,NA,NA,NA,259.181393921158,TRUE,4,48.7321525884509
"280","MOD",3,60,4,2,2015,9,0,0,0,0,0,"",8,18,8,"","",0,"",0,NA,NA,NA,NA,NA,NA,301.59289474462,TRUE,4,48.7321525884509
"281","MOD",3,75,5,4,2015,9,0,0,0,0,0,"",11,11,11,"","",0,"",0,NA,NA,NA,NA,NA,NA,348.454985160668,TRUE,2,23.0353672928524
"282","MOD",3,75,5,2,2015,9,0,0,0,0,0,"",9,13,6,"","",0,"",0,NA,NA,NA,NA,NA,NA,183.783170235003,TRUE,2,23.0353672928524
"283","MOD",3,75,5,3,2015,9,0,0,0,0,0,"",12,16,11,"","",0,"",0,NA,NA,NA,NA,NA,NA,552.920307031804,TRUE,2,23.0353672928524
"284","MOD",3,75,5,1,2015,8,0,0,0,0,1,"clovata (cacti)",7,14,13.5,"","",0,"",0,NA,NA,NA,NA,NA,NA,346.360590058275,TRUE,2,23.0353672928524
"285","PDC",1,10,2,2,2015,5,4,0,0,0,0,"",15,9.5,6,"","",0,"",0,NA,NA,NA,NA,NA,NA,223.838476568273,TRUE,10,104.172828204032
"286","PDC",1,10,2,1,2015,8,1,0,0,0,0,"",6.5,13,9.5,"","",0,"",0,NA,NA,NA,NA,NA,NA,210.159458555767,TRUE,10,104.172828204032
"287","PDC",1,10,2,4,2015,4,5,0,0,0,0,"",18,14,10,"","",1,"",0,NA,NA,NA,NA,NA,NA,659.734457253857,TRUE,10,104.172828204032
"288","PDC",1,10,2,3,2015,0,7,0,0,2,0,"",15,10,9,"","",0,"",0,NA,NA,NA,NA,NA,NA,353.429173528852,TRUE,10,104.172828204032
"289","PDC",1,115,10,4,2015,7,0,2,0,0,0,"",11,12,6.5,"","",1,"",1,4,2.5,1.5,0,0,1,224.62387473167,TRUE,0,0
"290","PDC",1,115,10,1,2015,6,0,2,0,0,1,"forb",16,11.5,4,"","",1,"",0,NA,NA,NA,NA,NA,NA,192.684349420174,TRUE,0,0
"291","PDC",1,115,10,3,2015,7,0,1,0,1,0,"",14,15,7,"","",1,"",0,NA,NA,NA,NA,NA,NA,384.84510006475,TRUE,0,0
"292","PDC",1,115,10,2,2015,2,0,7,0,0,0,"",17,19,6,"","",0,"",0,NA,NA,NA,NA,NA,NA,507.367213554752,TRUE,0,0
"293","PDC",1,135,11,1,2015,8,0,0,0,1,0,"spir",11.5,14.5,7,"","",1,"",1,2.5,2.5,1,0,0,1,305.585335408557,TRUE,0,0
"294","PDC",1,135,11,2,2015,5,0,3,0,1,0,"spir",16,8,7,"","",1,"",1,3,3,2.5,0,0,1,234.572251468038,TRUE,0,0
"295","PDC",1,135,11,4,2015,5,0,0,0,0,4,"other grass",7,14,9,"","",0,"",0,NA,NA,NA,NA,NA,NA,230.90706003885,TRUE,0,0
"296","PDC",1,135,11,3,2015,8,0,0,0,1,0,"spir",19,14,11,"","",0,"",0,NA,NA,NA,NA,NA,NA,766.025008700311,TRUE,0,0
"297","PDC",1,140,12,2,2015,4,0,5,0,0,0,"",14.5,11,7.5,"","",1,"",1,9,2.5,2,0,0,1,313.177517654732,TRUE,0,0
"298","PDC",1,140,12,1,2015,8,0,0,0,1,0,"spir",9,16,7.5,"","",0,"",0,NA,NA,NA,NA,NA,NA,282.743338823081,TRUE,0,0
"299","PDC",1,140,12,4,2015,6,0,2,0,1,0,"",5,10,5.5,"","",1,"",0,NA,NA,NA,NA,NA,NA,71.9948316447661,TRUE,0,0
"300","PDC",1,140,12,3,2015,6,0,0,0,3,0,"spir",15,15,10.5,"","",0,"",0,NA,NA,NA,NA,NA,NA,618.50105367549,TRUE,0,0
"301","PDC",1,15,3,1,2015,9,0,0,0,0,0,"",9,16.5,10,"","",0,"",0,NA,NA,NA,NA,NA,NA,388.772090881737,TRUE,11,124.710724366407
"302","PDC",1,15,3,3,2015,9,0,0,0,0,0,"",13.5,10,8.5,"","",0,"",0,NA,NA,NA,NA,NA,NA,300.414797499524,TRUE,11,124.710724366407
"303","PDC",1,15,3,4,2015,9,0,0,0,0,0,"",6.5,17.5,9,"","",1,"",0,NA,NA,NA,NA,NA,NA,268.017123259379,TRUE,11,124.710724366407
"304","PDC",1,15,3,2,2015,6,3,0,0,0,0,"",6.5,12,10,"","",0,"",0,NA,NA,NA,NA,NA,NA,204.203522483337,TRUE,11,124.710724366407
"305","PDC",1,20,4,1,2015,8,1,0,0,0,0,"",11,12.5,7.5,"","",0,"",0,NA,NA,NA,NA,NA,NA,269.980618667873,TRUE,4,48.6486588372216
"306","PDC",1,20,4,2,2015,5,4,0,0,0,0,"",10,16,9.5,"","",0,"",0,NA,NA,NA,NA,NA,NA,397.935069454707,TRUE,4,48.6486588372216
"307","PDC",1,20,4,3,2015,9,0,0,0,0,0,"",9.5,6.5,6,"","",0,"",0,NA,NA,NA,NA,NA,NA,96.9966731795849,TRUE,4,48.6486588372216
"308","PDC",1,20,4,4,2015,4,5,0,0,0,0,"",9,13,9.5,"","",1,"",0,NA,NA,NA,NA,NA,NA,290.990019538755,TRUE,4,48.6486588372216
"309","PDC",1,30,5,3,2015,8,0,0,0,1,0,"",7,8,6.5,"umpa lumpa","",1,"",0,NA,NA,NA,NA,NA,NA,95.2949771588904,TRUE,1,13.4843954846092
"310","PDC",1,30,5,1,2015,5,0,0,0,1,3,"spir; mhuly",10.5,14.5,11,"","",1,"",1,3.5,0.5,0.5,0,0,1,438.448524716626,TRUE,1,13.4843954846092
"311","PDC",1,30,5,2,2015,3,0,6,0,0,0,"",10,12,9,"","",1,"",1,3,2.5,2,0,0,1,282.743338823081,TRUE,1,13.4843954846092
"312","PDC",1,30,5,4,2015,9,0,0,0,0,0,"",18.5,11,8,"","",1,"",0,NA,NA,NA,NA,NA,NA,426.209403337015,TRUE,1,13.4843954846092
"313","PDC",1,35,6,2,2015,2,0,0,0,7,0,"",7.5,9,8,"","",1,"",0,NA,NA,NA,NA,NA,NA,141.371669411541,TRUE,2,25.0422886441262
"314","PDC",1,35,6,4,2015,5,0,0,0,4,0,"",6,12,7,"","",0,"",0,NA,NA,NA,NA,NA,NA,131.946891450771,TRUE,2,25.0422886441262
"315","PDC",1,35,6,1,2015,6,0,0,0,2,1,"spir; other grass",10.5,9.5,5,"","",1,"",1,3,2.5,2,0,0,1,130.572444664826,TRUE,2,25.0422886441262
"316","PDC",1,35,6,3,2015,4,0,0,0,5,0,"",14,9,8.5,"","",1,"",1,2,1.5,1,0,0,1,280.387144332889,TRUE,2,25.0422886441262
"317","PDC",1,40,7,3,2015,6,2,0,0,1,0,"spir",11,14,11,"","",0,"",0,NA,NA,NA,NA,NA,NA,443.488162931759,TRUE,2,25.1043962195144
"318","PDC",1,40,7,1,2015,6,0,0,0,0,3,"mhuly",5.5,8.5,5,"","",0,"",0,NA,NA,NA,NA,NA,NA,61.1956068980512,TRUE,2,25.1043962195144
"319","PDC",1,40,7,2,2015,9,0,0,0,0,0,"",18,11,11,"","",0,"",0,NA,NA,NA,NA,NA,NA,570.199066626548,TRUE,2,25.1043962195144
"320","PDC",1,40,7,4,2015,8,0,0,0,1,0,"spir",7,15.5,6,"","",1,"",0,NA,NA,NA,NA,NA,NA,170.431401457246,TRUE,2,25.1043962195144
"321","PDC",1,5,1,1,2015,9,0,0,0,0,0,"",8,18,7,"","",0,"",0,NA,NA,NA,NA,NA,NA,263.893782901543,TRUE,10,109.179701522132
"322","PDC",1,5,1,2,2015,3,6,0,0,0,0,"",14.5,16.5,9,"","",0,"",0,NA,NA,NA,NA,NA,NA,563.719531778519,TRUE,10,109.179701522132
"323","PDC",1,5,1,4,2015,9,0,0,0,0,0,"",7,21,7,"","",0,"",0,NA,NA,NA,NA,NA,NA,269.391570045325,TRUE,10,109.179701522132
"324","PDC",1,5,1,3,2015,8,1,0,0,0,0,"",12.5,21,9.5,"","",0,"",0,NA,NA,NA,NA,NA,NA,652.862223324129,TRUE,10,109.179701522132
"325","PDC",1,70,8,4,2015,9,0,0,0,0,0,"",15,10,7.5,"","",0,"",0,NA,NA,NA,NA,NA,NA,294.524311274043,TRUE,0,0
"326","PDC",1,70,8,3,2015,7,0,2,0,0,0,"",16,14,9,"","",1,"",0,NA,NA,NA,NA,NA,NA,527.787565803085,TRUE,0,0
"327","PDC",1,70,8,1,2015,9,0,0,0,0,0,"",10.5,17,9,"","",0,"",0,NA,NA,NA,NA,NA,NA,420.580716499333,TRUE,0,0
"328","PDC",1,70,8,2,2015,9,0,0,0,0,0,"",12,10.5,9.5,"","",1,"",0,NA,NA,NA,NA,NA,NA,313.373867195582,TRUE,0,0
"329","PDC",1,85,9,1,2015,8,0,0,0,1,0,"spir",13,15,9.5,"","",1,"",1,8,7.5,4.5,0,0,1,484.983365897924,TRUE,0,0
"330","PDC",1,85,9,3,2015,5,0,0,0,4,0,"spir",10,11,10,"","",1,"",0,NA,NA,NA,NA,NA,NA,287.979326579064,TRUE,0,0
"331","PDC",1,85,9,2,2015,5,0,0,0,4,0,"spir",7.5,11,7,"","",1,"",0,NA,NA,NA,NA,NA,NA,151.189146454009,TRUE,0,0
"332","PDC",1,85,9,4,2015,9,0,0,0,0,0,"",10,13,12,"","",0,"",0,NA,NA,NA,NA,NA,NA,408.407044966673,TRUE,0,0
"333","PDC",2,115,9,2,2015,8,0,1,0,0,0,"",12,9,8,"","",1,"",0,NA,NA,NA,NA,NA,NA,226.194671058465,TRUE,0,0
"334","PDC",2,115,9,1,2015,8,0,1,0,0,0,"",15,16,6.5,"","",1,"",0,NA,NA,NA,NA,NA,NA,408.407044966673,TRUE,0,0
"335","PDC",2,115,9,4,2015,8,0,1,0,0,0,"",11.5,15,13,"","",1,"",0,NA,NA,NA,NA,NA,NA,587.085127139592,TRUE,0,0
"336","PDC",2,115,9,3,2015,9,0,0,0,0,0,"",10.5,14,11,"","",0,"",0,NA,NA,NA,NA,NA,NA,423.329610071225,TRUE,0,0
"337","PDC",2,130,10,1,2015,9,0,0,0,0,0,"",8.5,14,7,"","",0,"",0,NA,NA,NA,NA,NA,NA,218.078890036691,TRUE,0,0
"338","PDC",2,130,10,2,2015,4,0,5,0,0,0,"",9,20,9,"","",1,"",1,1.5,1,1,0,0,1,424.115008234622,TRUE,0,0
"339","PDC",2,130,10,4,2015,5,0,3,0,0,1,"",12,12,7,"","",0,"",0,NA,NA,NA,NA,NA,NA,263.893782901543,TRUE,0,0
"340","PDC",2,130,10,3,2015,9,0,0,0,0,0,"",11,21,16,"Aphrodite","",0,"",0,NA,NA,NA,NA,NA,NA,967.610537305656,TRUE,0,0
"341","PDC",2,15,2,1,2015,6,0,0,0,3,0,"",12.5,13,12,"","",1,"",1,5,4,4,0,0,1,510.508806208341,TRUE,15,167.468954126604
"342","PDC",2,15,2,2,2015,9,0,0,0,0,0,"",16.5,9,6,"","",0,"",0,NA,NA,NA,NA,NA,NA,233.263254529042,TRUE,15,167.468954126604
"343","PDC",2,15,2,3,2015,9,0,0,0,0,0,"",7,12,11,"","",0,"",0,NA,NA,NA,NA,NA,NA,241.902634326414,TRUE,15,167.468954126604
"344","PDC",2,15,2,4,2015,9,0,0,0,0,0,"",12,13,6.5,"","",0,"",0,NA,NA,NA,NA,NA,NA,265.464579228338,TRUE,15,167.468954126604
"345","PDC",2,170,11,4,2015,5,0,0,1,3,0,"",12,24,9.5,"","",0,"",0,NA,NA,NA,NA,NA,NA,716.283125018473,TRUE,0,0
"346","PDC",2,170,11,1,2015,6,0,2,0,1,0,"",11,10.5,10,"","",1,"",0,NA,NA,NA,NA,NA,NA,302.378292908018,TRUE,0,0
"347","PDC",2,170,11,3,2015,0,0,4,0,5,0,"",9,10,8,"","",0,"",0,NA,NA,NA,NA,NA,NA,188.495559215388,TRUE,0,0
"348","PDC",2,170,11,2,2015,4,0,3,0,2,0,"",11,9.5,7,"","",0,"",0,NA,NA,NA,NA,NA,NA,191.506252175078,TRUE,0,0
"349","PDC",2,190,12,3,2015,4,0,0,0,5,0,"",16,9,5.5,"","",1,"",1,12,4,3,0,0,1,207.345115136926,TRUE,0,0
"350","PDC",2,190,12,2,2015,7,0,0,0,2,0,"",12,17,9,"","",0,"",0,NA,NA,NA,NA,NA,NA,480.663675999238,TRUE,0,0
"351","PDC",2,190,12,1,2015,7,0,1,0,1,0,"",13,20,6.5,"","",0,"",0,NA,NA,NA,NA,NA,NA,442.440965380562,TRUE,0,0
"352","PDC",2,190,12,4,2015,4,0,0,0,2,3,"",11,17.5,12,"","",0,"",0,NA,NA,NA,NA,NA,NA,604.756585816035,TRUE,0,0
"353","PDC",2,20,3,3,2015,9,0,0,0,0,0,"",12.5,7.5,5,"","",0,"",0,NA,NA,NA,NA,NA,NA,122.718463030851,TRUE,11,125.705559539302
"354","PDC",2,20,3,1,2015,9,0,0,0,0,0,"",18,12.5,8,"","",0,"",0,NA,NA,NA,NA,NA,NA,471.238898038469,TRUE,11,125.705559539302
"355","PDC",2,20,3,2,2015,3,5,0,0,1,0,"",5.5,8,5,"","",0,"",0,NA,NA,NA,NA,NA,NA,57.5958653158129,TRUE,11,125.705559539302
"356","PDC",2,20,3,4,2015,3,2,0,0,4,0,"",11,11.5,10,"","",0,"",0,NA,NA,NA,NA,NA,NA,331.176225565924,TRUE,11,125.705559539302
"357","PDC",2,40,4,2,2015,9,0,0,0,0,0,"",17,18,6.5,"","",0,"",0,NA,NA,NA,NA,NA,NA,520.718982332508,TRUE,4,49.2464072880736
"358","PDC",2,40,4,1,2015,8,1,0,0,0,0,"",6.5,17,9,"","",0,"",0,NA,NA,NA,NA,NA,NA,260.359491166254,TRUE,4,49.2464072880736
"359","PDC",2,40,4,4,2015,9,0,0,0,0,0,"",7,12,6.5,"","",1,"",0,NA,NA,NA,NA,NA,NA,142.942465738336,TRUE,4,49.2464072880736
"360","PDC",2,40,4,3,2015,5,4,0,0,0,0,"",24,12,10,"","",0,"",0,NA,NA,NA,NA,NA,NA,753.98223686155,TRUE,4,49.2464072880736
"361","PDC",2,5,1,4,2015,6,3,0,0,0,0,"",12.5,10,6.5,"","",1,"",0,NA,NA,NA,NA,NA,NA,212.712002586809,TRUE,4,43.6116191230064
"362","PDC",2,5,1,1,2015,9,0,0,0,0,0,"",9,12,11,"","",0,"",0,NA,NA,NA,NA,NA,NA,311.01767270539,TRUE,4,43.6116191230064
"363","PDC",2,5,1,2,2015,8,1,0,0,0,0,"",12,12,11,"","",0,"",0,NA,NA,NA,NA,NA,NA,414.690230273853,TRUE,4,43.6116191230064
"364","PDC",2,5,1,3,2015,8,1,0,0,0,0,"",14.5,16,8,"","",0,"",0,NA,NA,NA,NA,NA,NA,485.899663755221,TRUE,4,43.6116191230064
"365","PDC",2,50,5,3,2015,9,0,0,0,0,0,"",10.5,12.5,9.5,"","",0,"",0,NA,NA,NA,NA,NA,NA,326.431111662064,TRUE,17,190.072986937759
"366","PDC",2,50,5,1,2015,9,0,0,0,0,0,"",13,19,12,"","",1,"",0,NA,NA,NA,NA,NA,NA,775.973385436679,TRUE,17,190.072986937759
"367","PDC",2,50,5,2,2015,9,0,0,0,0,0,"",12,8,7.5,"","",0,"",0,NA,NA,NA,NA,NA,NA,188.495559215388,TRUE,17,190.072986937759
"368","PDC",2,50,5,4,2015,9,0,0,0,0,0,"",13,17,9,"","",0,"",0,NA,NA,NA,NA,NA,NA,520.718982332508,TRUE,17,190.072986937759
"369","PDC",2,55,6,4,2015,9,0,0,0,0,0,"",19.5,22,8,"Omar Sharif","",0,"",0,NA,NA,NA,NA,NA,NA,898.495498926681,TRUE,7,78.3621357447688
"370","PDC",2,55,6,2,2015,4,5,0,0,0,0,"",10,17,8,"","",0,"",0,NA,NA,NA,NA,NA,NA,356.047167406843,TRUE,7,78.3621357447688
"371","PDC",2,55,6,3,2015,9,0,0,0,0,0,"",5,7,6,"","",0,"",0,NA,NA,NA,NA,NA,NA,54.9778714378214,TRUE,7,78.3621357447688
"372","PDC",2,55,6,1,2015,4,5,0,0,0,0,"",16,7,9.5,"","",0,"",0,NA,NA,NA,NA,NA,NA,278.554548618295,TRUE,7,78.3621357447688
"373","PDC",2,65,7,2,2015,9,0,0,0,0,0,"",15,10,8,"","",1,"",1,3,1,1,0,0,1,314.159265358979,TRUE,2,25.0018940232439
"374","PDC",2,65,7,1,2015,9,0,0,0,0,0,"",11,11,7,"","",0,"",0,NA,NA,NA,NA,NA,NA,221.74408146588,TRUE,2,25.0018940232439
"375","PDC",2,65,7,3,2015,9,0,0,0,0,0,"",6,14.5,12,"","",1,"",0,NA,NA,NA,NA,NA,NA,273.318560862312,TRUE,2,25.0018940232439
"376","PDC",2,65,7,4,2015,5,4,0,0,0,0,"",16,10,7,"","",1,"",1,2.5,1,1,0,0,1,293.215314335047,TRUE,2,25.0018940232439
"377","PDC",2,70,8,4,2015,9,0,0,0,0,0,"",7.5,13.5,10,"","",0,"",0,NA,NA,NA,NA,NA,NA,265.071880146639,TRUE,0,0
"378","PDC",2,70,8,1,2015,2,7,0,0,0,0,"",15.5,13,12,"","",1,"",0,NA,NA,NA,NA,NA,NA,633.030919698343,TRUE,0,0
"379","PDC",2,70,8,3,2015,9,0,0,0,0,0,"",11,13.5,7,"","",1,"",1,1.5,1,0.5,0,0,1,272.140463617216,TRUE,0,0
"380","PDC",2,70,8,2,2015,8,1,0,0,0,0,"",8,10,10,"","",0,"",0,NA,NA,NA,NA,NA,NA,209.43951023932,TRUE,0,0
"381","PDC",3,100,7,2,2015,9,0,0,0,0,0,"",15.5,16.5,7,"Venus Williams","",0,"",0,NA,NA,NA,NA,NA,NA,468.686354007427,TRUE,7,92.7955963200275
"382","PDC",3,100,7,1,2015,6,0,3,0,0,0,"",13,13,8,"","",1,"",0,NA,NA,NA,NA,NA,NA,353.95277230445,TRUE,7,92.7955963200275
"383","PDC",3,100,7,4,2015,3,0,6,0,0,0,"",13,12,8,"The secred 3rd Williams sister","",0,"",0,NA,NA,NA,NA,NA,NA,326.725635973338,TRUE,7,92.7955963200275
"384","PDC",3,100,7,3,2015,7,0,2,0,0,0,"",8,7,6,"","",0,"",0,NA,NA,NA,NA,NA,NA,87.9645943005142,TRUE,7,92.7955963200275
"385","PDC",3,125,8,3,2015,2,0,7,0,0,0,"",15.5,11,9,"","",1,"",0,NA,NA,NA,NA,NA,NA,401.731160577795,TRUE,0,0
"386","PDC",3,125,8,2,2015,9,0,0,0,0,0,"",14,11,6,"","",1,"",0,NA,NA,NA,NA,NA,NA,241.902634326414,TRUE,0,0
"387","PDC",3,125,8,1,2015,5,0,4,0,0,0,"",8,9.5,6.5,"","",1,"",0,NA,NA,NA,NA,NA,NA,129.32889757278,TRUE,0,0
"388","PDC",3,125,8,4,2015,5,0,4,0,0,0,"",14,8,7.5,"","",1,"",0,NA,NA,NA,NA,NA,NA,219.911485751286,TRUE,0,0
"389","PDC",3,175,9,2,2015,6,0,2,0,1,0,"",17,11,6.5,"","",0,"",0,NA,NA,NA,NA,NA,NA,318.217155869866,TRUE,1,9.89862759495255
"390","PDC",3,175,9,1,2015,8,0,1,0,0,0,"",11.5,12.5,6,"","",0,"",0,NA,NA,NA,NA,NA,NA,225.801971976766,TRUE,1,9.89862759495255
"391","PDC",3,175,9,3,2015,5,0,4,0,0,0,"",17,13,4,"","",1,"",1,5,4,2,0,0,1,231.430658814448,TRUE,1,9.89862759495255
"392","PDC",3,175,9,4,2015,5,0,0,0,4,0,"",20,10,8,"","",0,"",0,NA,NA,NA,NA,NA,NA,418.879020478639,TRUE,1,9.89862759495255
"393","PDC",3,190,10,3,2015,2,0,7,0,0,0,"",17,10,6.5,"","",0,"",0,NA,NA,NA,NA,NA,NA,289.28832351806,TRUE,1,12.184981493018
"394","PDC",3,190,10,2,2015,7,0,0,0,2,0,"",13,24,7,"","",0,"",0,NA,NA,NA,NA,NA,NA,571.769862953342,TRUE,1,12.184981493018
"395","PDC",3,190,10,1,2015,7,0,0,0,2,0,"",9,13,10,"","",1,"",0,NA,NA,NA,NA,NA,NA,306.305283725005,TRUE,1,12.184981493018
"396","PDC",3,190,10,4,2015,4,0,4,0,0,1,"ephedra",19,15,11,"","",1,"",1,3.5,2.5,2,0,0,1,820.741080750333,TRUE,1,12.184981493018
"397","PDC",3,20,2,1,2015,7,2,0,0,0,0,"",14.5,9,13,"","",0,"",0,NA,NA,NA,NA,NA,NA,444.142661401257,TRUE,28,276.747142902636
"398","PDC",3,20,2,4,2015,9,0,0,0,0,0,"",13,13.5,6,"","",0,"",0,NA,NA,NA,NA,NA,NA,275.674755352504,TRUE,28,276.747142902636
"399","PDC",3,20,2,2,2015,9,0,0,0,0,0,"",10,18,8,"","",0,"",0,NA,NA,NA,NA,NA,NA,376.991118430775,TRUE,28,276.747142902636
"400","PDC",3,20,2,3,2015,7,2,0,0,0,0,"",8,7.5,4.5,"","",0,"",0,NA,NA,NA,NA,NA,NA,70.6858347057703,TRUE,28,276.747142902636
"401","PDC",3,25,3,2,2015,3,6,0,0,0,0,"",13,19,13,"","",0,"",0,NA,NA,NA,NA,NA,NA,840.637834223069,TRUE,7,79.1711492086131
"402","PDC",3,25,3,1,2015,3,6,0,0,0,0,"",8.5,9.5,6,"","",0,"",0,NA,NA,NA,NA,NA,NA,126.841803388688,TRUE,7,79.1711492086131
"403","PDC",3,25,3,3,2015,7,2,0,0,0,0,"",15,23,9.5,"","",0,"",0,NA,NA,NA,NA,NA,NA,858.047493511712,TRUE,7,79.1711492086131
"404","PDC",3,25,3,4,2015,5,4,0,0,0,0,"",11,11,11,"","",0,"",0,NA,NA,NA,NA,NA,NA,348.454985160668,TRUE,7,79.1711492086131
"405","PDC",3,270,11,4,2015,2,0,7,0,0,0,"",8,14.5,8,"","",0,"",0,NA,NA,NA,NA,NA,NA,242.949831877611,TRUE,0,0
"406","PDC",3,270,11,1,2015,1,0,8,0,0,0,"",6.5,11,8.5,"","",0,"",0,NA,NA,NA,NA,NA,NA,159.108577934933,TRUE,0,0
"407","PDC",3,270,11,2,2015,3,0,6,0,0,0,"",17,10.5,5,"","",0,"",0,NA,NA,NA,NA,NA,NA,233.655953610741,TRUE,0,0
"408","PDC",3,270,11,3,2015,1,0,8,0,0,0,"",10.5,9.5,6.5,"","",0,"",0,NA,NA,NA,NA,NA,NA,169.744178064274,TRUE,0,0
"409","PDC",3,35,4,1,2015,8,1,0,0,0,0,"",11,12,10.5,"","",0,"",0,NA,NA,NA,NA,NA,NA,362.853951489621,TRUE,4,44.2391845018928
"410","PDC",3,35,4,4,2015,9,0,0,0,0,0,"",12,11,8,"","",0,"",0,NA,NA,NA,NA,NA,NA,276.460153515902,TRUE,4,44.2391845018928
"411","PDC",3,35,4,2,2015,2,7,0,0,0,0,"",12.5,22,7,"","",0,"",0,NA,NA,NA,NA,NA,NA,503.963821513363,TRUE,4,44.2391845018928
"412","PDC",3,35,4,3,2015,9,0,0,0,0,0,"",16.5,10,8,"","",0,"",0,NA,NA,NA,NA,NA,NA,345.575191894877,TRUE,4,44.2391845018928
"413","PDC",3,385,12,4,2015,3,0,5,0,1,0,"",25,10,6,"","",0,"",0,NA,NA,NA,NA,NA,NA,392.699081698724,TRUE,0,0
"414","PDC",3,385,12,1,2015,4,0,5,0,0,0,"",9,13,7,"","",0,"",0,NA,NA,NA,NA,NA,NA,214.413698607503,TRUE,0,0
"415","PDC",3,385,12,2,2015,7,0,0,0,2,0,"",9,12,8,"","",0,"",0,NA,NA,NA,NA,NA,NA,226.194671058465,TRUE,0,0
"416","PDC",3,385,12,3,2015,3,0,6,0,0,0,"",6,15,5.5,"","",0,"",0,NA,NA,NA,NA,NA,NA,129.590696960579,TRUE,0,0
"417","PDC",3,5,1,1,2015,9,0,0,0,0,0,"",17.5,7,6.5,"","",0,"",0,NA,NA,NA,NA,NA,NA,208.457762535073,TRUE,0,0
"418","PDC",3,5,1,2,2015,7,2,0,0,0,0,"",8,18.5,19,"","",0,"",0,NA,NA,NA,NA,NA,NA,736.179878491208,TRUE,0,0
"419","PDC",3,5,1,3,2015,9,0,0,0,0,0,"",12,16,12.5,"","",0,"",0,NA,NA,NA,NA,NA,NA,628.318530717959,TRUE,0,0
"420","PDC",3,5,1,4,2015,9,0,0,0,0,0,"",7,12,6,"","",0,"",0,NA,NA,NA,NA,NA,NA,131.946891450771,TRUE,0,0
"421","PDC",3,75,6,2,2015,0,4,0,0,5,0,"Dense grass below all creosote cover",16,14,9,"","",0,"",0,NA,NA,NA,NA,NA,NA,527.787565803085,TRUE,6,72.0728581852893
"422","PDC",3,75,6,3,2015,0,6,0,0,3,0,"Dense grass below all creosote cover",12,14,12,"","",0,"",0,NA,NA,NA,NA,NA,NA,527.787565803085,TRUE,6,72.0728581852893
"423","PDC",3,75,6,4,2015,0,4,0,0,5,0,"Dense grass below all creosote cover",7,12,6,"","",0,"",0,NA,NA,NA,NA,NA,NA,131.946891450771,TRUE,6,72.0728581852893
"424","PDC",3,75,6,1,2015,0,9,0,0,0,0,"Dense grass below all creosote cover",10.5,15,8,"","",1,"",1,3,1,0.5,0,0,1,329.867228626928,TRUE,6,72.0728581852893
"425","SLP",1,10,2,2,2015,6,3,0,0,0,0,"",12,5.5,5,"","Plants for Transect 1 are marked with Transect 2's tags (eg S-2-x-x)",0,"",0,NA,NA,NA,NA,NA,NA,86.3937979737193,TRUE,9,102.034571199503
"426","SLP",1,10,2,4,2015,1,8,0,0,0,0,"",17,11,10,"","Plants for Transect 1 are marked with Transect 2's tags (eg S-2-x-x)",0,"",0,NA,NA,NA,NA,NA,NA,489.564855184409,TRUE,9,102.034571199503
"427","SLP",1,10,2,1,2015,6,3,0,0,0,0,"",18,18,14,"","Plants for Transect 1 are marked with Transect 2's tags (eg S-2-x-x)",0,"",0,NA,NA,NA,NA,NA,NA,1187.52202305694,TRUE,9,102.034571199503
"428","SLP",1,10,2,3,2015,5,4,0,0,0,0,"",15,15.5,8.5,"","Plants for Transect 1 are marked with Transect 2's tags (eg S-2-x-x)",0,"",0,NA,NA,NA,NA,NA,NA,517.381040138069,TRUE,9,102.034571199503
"429","SLP",1,105,5,1,2015,6,0,0,0,0,3,"Forb",11,15.5,4.5,"","Plants for Transect 1 are marked with Transect 2's tags (eg S-2-x-x)",0,"",0,NA,NA,NA,NA,NA,NA,200.865580288897,TRUE,1,10.8383191138213
"430","SLP",1,105,5,4,2015,9,0,0,0,0,0,"",11,13,10,"","Plants for Transect 1 are marked with Transect 2's tags (eg S-2-x-x)",0,"",0,NA,NA,NA,NA,NA,NA,374.373124552784,TRUE,1,10.8383191138213
"431","SLP",1,105,5,2,2015,7,0,2,0,0,0,"",12,13,8,"","Plants for Transect 1 are marked with Transect 2's tags (eg S-2-x-x)",0,"",0,NA,NA,NA,NA,NA,NA,326.725635973338,TRUE,1,10.8383191138213
"432","SLP",1,105,5,3,2015,8,0,0,0,1,0,"",10,21.5,9,"","Plants for Transect 1 are marked with Transect 2's tags (eg S-2-x-x)",0,"",0,NA,NA,NA,NA,NA,NA,506.581815391354,TRUE,1,10.8383191138213
"433","SLP",1,135,7,1,2015,9,0,0,0,0,0,"",15,14.5,7,"","Plants for Transect 1 are marked with Transect 2's tags (eg S-2-x-x)",0,"",0,NA,NA,NA,NA,NA,NA,398.589567924205,TRUE,0,0
"434","SLP",1,135,7,2,2015,9,0,0,0,0,0,"",6.5,14,9,"","Plants for Transect 1 are marked with Transect 2's tags (eg S-2-x-x)",0,"",0,NA,NA,NA,NA,NA,NA,214.413698607503,TRUE,0,0
"435","SLP",1,135,7,3,2015,9,0,0,0,0,0,"",7,9,6.5,"","Plants for Transect 1 are marked with Transect 2's tags (eg S-2-x-x)",0,"",0,NA,NA,NA,NA,NA,NA,107.206849303752,TRUE,0,0
"436","SLP",1,135,7,4,2015,8,0,1,0,0,0,"",10,20,15,"","Plants for Transect 1 are marked with Transect 2's tags (eg S-2-x-x)",0,"",0,NA,NA,NA,NA,NA,NA,785.398163397448,TRUE,0,0
"437","SLP",1,215,8,1,2015,1,0,8,0,0,0,"",8,11,7,"","Plants for Transect 1 are marked with Transect 2's tags (eg S-2-x-x)",0,"",0,NA,NA,NA,NA,NA,NA,161.268422884276,TRUE,0,0
"438","SLP",1,215,8,2,2015,4,0,4,0,0,1,"Forb",15,7.5,5.5,"","Plants for Transect 1 are marked with Transect 2's tags (eg S-2-x-x)",0,"",0,NA,NA,NA,NA,NA,NA,161.988371200724,TRUE,0,0
"439","SLP",1,215,8,3,2015,5,0,4,0,0,0,"",9,14,6,"","Plants for Transect 1 are marked with Transect 2's tags (eg S-2-x-x)",0,"",0,NA,NA,NA,NA,NA,NA,197.920337176157,TRUE,0,0
"440","SLP",1,215,8,4,2015,5,0,4,0,0,0,"",7,9,6,"","Plants for Transect 1 are marked with Transect 2's tags (eg S-2-x-x)",0,"",0,NA,NA,NA,NA,NA,NA,98.9601685880785,TRUE,0,0
"441","SLP",1,25,3,4,2015,6,3,0,0,0,0,"",20,14,12,"","Plants for Transect 1 are marked with Transect 2's tags (eg S-2-x-x)",0,"",0,NA,NA,NA,NA,NA,NA,879.645943005142,TRUE,9,103.106607425851
"442","SLP",1,25,3,2,2015,9,0,0,0,0,0,"",7.5,13,6,"","Plants for Transect 1 are marked with Transect 2's tags (eg S-2-x-x)",0,"",0,NA,NA,NA,NA,NA,NA,153.152641862502,TRUE,9,103.106607425851
"443","SLP",1,25,3,3,2015,9,0,0,0,0,0,"",10,24,16,"","Plants for Transect 1 are marked with Transect 2's tags (eg S-2-x-x)",0,"",0,NA,NA,NA,NA,NA,NA,1005.30964914873,TRUE,9,103.106607425851
"444","SLP",1,25,3,1,2015,9,0,0,0,0,0,"",11,10.5,8,"","Plants for Transect 1 are marked with Transect 2's tags (eg S-2-x-x)",0,"",0,NA,NA,NA,NA,NA,NA,241.902634326414,TRUE,9,103.106607425851
"445","SLP",1,300,9,4,2015,3,3,0,0,3,0,"",8,12,10,"","Plants for Transect 1 are marked with Transect 2's tags (eg S-2-x-x)",0,"",0,NA,NA,NA,NA,NA,NA,251.327412287183,TRUE,4,45.9342922577839
"446","SLP",1,300,9,1,2015,0,9,0,0,0,0,"",10,10,8,"","Plants for Transect 1 are marked with Transect 2's tags (eg S-2-x-x)",0,"",0,NA,NA,NA,NA,NA,NA,209.43951023932,TRUE,4,45.9342922577839
"447","SLP",1,300,9,2,2015,0,9,0,0,0,0,"",10.5,8,6.5,"","Plants for Transect 1 are marked with Transect 2's tags (eg S-2-x-x)",0,"",0,NA,NA,NA,NA,NA,NA,142.942465738336,TRUE,4,45.9342922577839
"448","SLP",1,300,9,3,2015,0,9,0,0,0,0,"",13,8,5,"","Plants for Transect 1 are marked with Transect 2's tags (eg S-2-x-x)",0,"",0,NA,NA,NA,NA,NA,NA,136.135681655558,TRUE,4,45.9342922577839
"449","SLP",1,315,10,1,2015,0,9,0,0,0,0,"",18,11,7,"","Plants for Transect 1 are marked with Transect 2's tags (eg S-2-x-x)",0,"",0,NA,NA,NA,NA,NA,NA,362.853951489621,TRUE,0,0
"450","SLP",1,315,10,2,2015,3,6,0,0,0,0,"",14,13,10.5,"","Plants for Transect 1 are marked with Transect 2's tags (eg S-2-x-x)",0,"",0,NA,NA,NA,NA,NA,NA,500.298630084175,TRUE,0,0
"451","SLP",1,315,10,3,2015,7,0,0,2,0,0,"",10,11,7,"","Plants for Transect 1 are marked with Transect 2's tags (eg S-2-x-x)",0,"",0,NA,NA,NA,NA,NA,NA,201.585528605345,TRUE,0,0
"452","SLP",1,315,10,4,2015,4,2,0,3,0,0,"",14,17,8,"","Plants for Transect 1 are marked with Transect 2's tags (eg S-2-x-x)",0,"",0,NA,NA,NA,NA,NA,NA,498.46603436958,TRUE,0,0
"453","SLP",1,40,4,1,2015,5,4,0,0,0,0,"",6,14,9.5,"","Plants for Transect 1 are marked with Transect 2's tags (eg S-2-x-x)",0,"",0,NA,NA,NA,NA,NA,NA,208.915911463721,TRUE,8,83.7153130862115
"454","SLP",1,40,4,2,2015,0,0,0,0,9,0,"",12,11,9,"","Plants for Transect 1 are marked with Transect 2's tags (eg S-2-x-x)",0,"",0,NA,NA,NA,NA,NA,NA,311.01767270539,TRUE,8,83.7153130862115
"455","SLP",1,40,4,4,2015,0,6,0,0,3,0,"",9,11,6,"","Plants for Transect 1 are marked with Transect 2's tags (eg S-2-x-x)",0,"",0,NA,NA,NA,NA,NA,NA,155.508836352695,TRUE,8,83.7153130862115
"456","SLP",1,40,4,3,2015,5,4,0,0,0,0,"",12.5,13,9,"","Plants for Transect 1 are marked with Transect 2's tags (eg S-2-x-x)",0,"",0,NA,NA,NA,NA,NA,NA,382.881604656256,TRUE,8,83.7153130862115
"457","SLP",1,445,11,1,2015,8,0,0,0,1,0,"",12,14,11.5,"Woody Harrelson","Plants for Transect 1 are marked with Transect 2's tags (eg S-2-x-x)",0,"",0,NA,NA,NA,NA,NA,NA,505.796417227957,TRUE,2,22.2979358274759
"458","SLP",1,445,11,2,2015,8,0,0,0,1,0,"",7,18.5,9.5,"","Plants for Transect 1 are marked with Transect 2's tags (eg S-2-x-x)",0,"",0,NA,NA,NA,NA,NA,NA,322.078696839904,TRUE,2,22.2979358274759
"459","SLP",1,445,11,3,2015,5,0,0,0,4,0,"",10.5,16,11,"","Plants for Transect 1 are marked with Transect 2's tags (eg S-2-x-x)",0,"",0,NA,NA,NA,NA,NA,NA,483.805268652828,TRUE,2,22.2979358274759
"460","SLP",1,445,11,4,2015,9,0,0,0,0,0,"",7,20,6,"","Plants for Transect 1 are marked with Transect 2's tags (eg S-2-x-x)",0,"",0,NA,NA,NA,NA,NA,NA,219.911485751286,TRUE,2,22.2979358274759
"461","SLP",1,450,12,4,2015,9,0,0,0,0,0,"",18,17,6,"","Plants for Transect 1 are marked with Transect 2's tags (eg S-2-x-x)",0,"",0,NA,NA,NA,NA,NA,NA,480.663675999238,TRUE,0,0
"462","SLP",1,450,12,1,2015,9,0,0,0,0,0,"",10,11,10,"","Plants for Transect 1 are marked with Transect 2's tags (eg S-2-x-x)",0,"",0,NA,NA,NA,NA,NA,NA,287.979326579064,TRUE,0,0
"463","SLP",1,450,12,2,2015,9,0,0,0,0,0,"",15,18,9,"","Plants for Transect 1 are marked with Transect 2's tags (eg S-2-x-x)",0,"",0,NA,NA,NA,NA,NA,NA,636.172512351933,TRUE,0,0
"464","SLP",1,450,12,3,2015,9,0,0,0,0,0,"",14,14.5,9.5,"","Plants for Transect 1 are marked with Transect 2's tags (eg S-2-x-x)",0,"",0,NA,NA,NA,NA,NA,NA,504.88011937066,TRUE,0,0
"465","SLP",1,5,1,4,2015,3,4,0,0,2,0,"",20,12,10.5,"","Plants for Transect 1 are marked with Transect 2's tags (eg S-2-x-x)",0,"",0,NA,NA,NA,NA,NA,NA,659.734457253856,TRUE,12,132.87118585393
"466","SLP",1,5,1,2,2015,8,1,0,0,0,0,"",17,18,8,"","Plants for Transect 1 are marked with Transect 2's tags (eg S-2-x-x)",0,"",0,NA,NA,NA,NA,NA,NA,640.884901332318,TRUE,12,132.87118585393
"467","SLP",1,5,1,3,2015,1,4,0,0,4,0,"",13,15,11,"","Plants for Transect 1 are marked with Transect 2's tags (eg S-2-x-x)",0,"",0,NA,NA,NA,NA,NA,NA,561.559686829175,TRUE,12,132.87118585393
"468","SLP",1,5,1,1,2015,6,1,0,0,2,0,"",13,20,9,"","Plants for Transect 1 are marked with Transect 2's tags (eg S-2-x-x)",0,"",0,NA,NA,NA,NA,NA,NA,612.61056745001,TRUE,12,132.87118585393
"469","SLP",2,10,2,1,2015,7,2,0,0,0,0,"",8,12,9,"","Plants for Transect 2 are marked with Transect 1's tags (eg S-1-x-x)",0,"",0,NA,NA,NA,NA,NA,NA,226.194671058465,TRUE,11,131.495966311282
"470","SLP",2,10,2,2,2015,1,8,0,0,0,0,"",10,15,7,"","Plants for Transect 2 are marked with Transect 1's tags (eg S-1-x-x)",0,"",0,NA,NA,NA,NA,NA,NA,274.889357189107,TRUE,11,131.495966311282
"471","SLP",2,10,2,3,2015,9,0,0,0,0,0,"",13,15,10,"","Plants for Transect 2 are marked with Transect 1's tags (eg S-1-x-x)",0,"",0,NA,NA,NA,NA,NA,NA,510.508806208341,TRUE,11,131.495966311282
"472","SLP",2,10,2,4,2015,9,0,0,0,0,0,"",8,9,9,"","Plants for Transect 2 are marked with Transect 1's tags (eg S-1-x-x)",0,"",0,NA,NA,NA,NA,NA,NA,169.646003293849,TRUE,11,131.495966311282
"473","SLP",2,115,7,4,2015,9,0,0,0,0,0,"",12,19,14,"","Plants for Transect 2 are marked with Transect 1's tags (eg S-1-x-x)",0,"",0,NA,NA,NA,NA,NA,NA,835.663645854885,TRUE,0,0
"474","SLP",2,115,7,1,2015,0,9,0,0,0,0,"",11,16.5,11,"","Plants for Transect 2 are marked with Transect 1's tags (eg S-1-x-x)",0,"",0,NA,NA,NA,NA,NA,NA,522.682477741002,TRUE,0,0
"475","SLP",2,115,7,2,2015,6,0,0,0,0,3,"Yucca",11,13.5,6,"","Plants for Transect 2 are marked with Transect 1's tags (eg S-1-x-x)",0,"",0,NA,NA,NA,NA,NA,NA,233.263254529042,TRUE,0,0
"476","SLP",2,115,7,3,2015,3,6,0,0,0,0,"",9,12,7,"","Plants for Transect 2 are marked with Transect 1's tags (eg S-1-x-x)",0,"",0,NA,NA,NA,NA,NA,NA,197.920337176157,TRUE,0,0
"477","SLP",2,140,8,1,2015,5,0,4,0,0,0,"",10,11,6,"","Plants for Transect 2 are marked with Transect 1's tags (eg S-1-x-x)",0,"",0,NA,NA,NA,NA,NA,NA,172.787595947439,TRUE,1,8.13636664881224
"478","SLP",2,140,8,2,2015,1,0,8,0,0,0,"",19,12.5,7,"","Plants for Transect 2 are marked with Transect 1's tags (eg S-1-x-x)",0,"",0,NA,NA,NA,NA,NA,NA,435.241482216086,TRUE,1,8.13636664881224
"479","SLP",2,140,8,3,2015,8,0,1,0,0,0,"",15,16,12,"","Plants for Transect 2 are marked with Transect 1's tags (eg S-1-x-x)",0,"",0,NA,NA,NA,NA,NA,NA,753.98223686155,TRUE,1,8.13636664881224
"480","SLP",2,140,8,4,2015,1,0,8,0,0,0,"",13,14,11,"","Plants for Transect 2 are marked with Transect 1's tags (eg S-1-x-x)",0,"",0,NA,NA,NA,NA,NA,NA,524.122374373897,TRUE,1,8.13636664881224
"481","SLP",2,15,3,1,2015,0,9,0,0,0,0,"",11.5,17,12.5,"","Plants for Transect 2 are marked with Transect 1's tags (eg S-1-x-x)",0,"",0,NA,NA,NA,NA,NA,NA,639.772253934171,TRUE,16,184.499313252309
"482","SLP",2,15,3,2,2015,3,6,0,0,0,0,"",15,14,8,"","Plants for Transect 2 are marked with Transect 1's tags (eg S-1-x-x)",0,"",0,NA,NA,NA,NA,NA,NA,439.822971502571,TRUE,16,184.499313252309
"483","SLP",2,15,3,3,2015,5,4,0,0,0,0,"",11.5,19,17,"","Plants for Transect 2 are marked with Transect 1's tags (eg S-1-x-x)",0,"",0,NA,NA,NA,NA,NA,NA,972.45382597994,TRUE,16,184.499313252309
"484","SLP",2,15,3,4,2015,7,2,0,0,0,0,"",15,25,19,"","Plants for Transect 2 are marked with Transect 1's tags (eg S-1-x-x)",0,"",0,NA,NA,NA,NA,NA,NA,1865.32063806894,TRUE,16,184.499313252309
"485","SLP",2,185,9,1,2015,9,0,0,0,0,0,"",13,17.5,7.5,"","Plants for Transect 2 are marked with Transect 1's tags (eg S-1-x-x)",0,"",0,NA,NA,NA,NA,NA,NA,446.695205432299,TRUE,0,0
"486","SLP",2,185,9,2,2015,1,0,8,0,0,0,"",14,15,10,"","Plants for Transect 2 are marked with Transect 1's tags (eg S-1-x-x)",0,"",0,NA,NA,NA,NA,NA,NA,549.778714378214,TRUE,0,0
"487","SLP",2,185,9,3,2015,4,0,5,0,0,0,"",8,10,6.5,"","Plants for Transect 2 are marked with Transect 1's tags (eg S-1-x-x)",0,"",0,NA,NA,NA,NA,NA,NA,136.135681655558,TRUE,0,0
"488","SLP",2,185,9,4,2015,8,0,1,0,0,0,"",12.5,12.5,9.5,"","Plants for Transect 2 are marked with Transect 1's tags (eg S-1-x-x)",0,"",0,NA,NA,NA,NA,NA,NA,388.608466264362,TRUE,0,0
"489","SLP",2,20,4,3,2015,9,0,0,0,0,0,"",10,11,8,"","Plants for Transect 2 are marked with Transect 1's tags (eg S-1-x-x)",0,"",0,NA,NA,NA,NA,NA,NA,230.383461263251,TRUE,9,103.096713365534
"490","SLP",2,20,4,1,2015,7,2,0,0,0,0,"",25,21,11,"","Plants for Transect 2 are marked with Transect 1's tags (eg S-1-x-x)",0,"",0,NA,NA,NA,NA,NA,NA,1511.89146454009,TRUE,9,103.096713365534
"491","SLP",2,20,4,2,2015,5,4,0,0,0,0,"",8,14,8,"","Plants for Transect 2 are marked with Transect 1's tags (eg S-1-x-x)",0,"",0,NA,NA,NA,NA,NA,NA,234.572251468038,TRUE,9,103.096713365534
"492","SLP",2,20,4,4,2015,7,2,0,0,0,0,"",6,14,9,"","Plants for Transect 2 are marked with Transect 1's tags (eg S-1-x-x)",0,"",0,NA,NA,NA,NA,NA,NA,197.920337176157,TRUE,9,103.096713365534
"493","SLP",2,280,11,1,2015,5,0,0,0,4,0,"",17,11,10.5,"","Plants for Transect 2 are marked with Transect 1's tags (eg S-1-x-x)",0,"",0,NA,NA,NA,NA,NA,NA,514.04309794363,TRUE,0,0
"494","SLP",2,280,11,2,2015,6,0,0,2,1,0,"",18,11.5,7,"","Plants for Transect 2 are marked with Transect 1's tags (eg S-1-x-x)",0,"",0,NA,NA,NA,NA,NA,NA,379.347312920968,TRUE,0,0
"495","SLP",2,280,11,3,2015,7,0,0,2,0,0,"",6,15,13,"","Plants for Transect 2 are marked with Transect 1's tags (eg S-1-x-x)",0,"",0,NA,NA,NA,NA,NA,NA,306.305283725005,TRUE,0,0
"496","SLP",2,280,11,4,2015,6,0,0,2,1,0,"",13,11,6,"","Plants for Transect 2 are marked with Transect 1's tags (eg S-1-x-x)",0,"",0,NA,NA,NA,NA,NA,NA,224.62387473167,TRUE,0,0
"497","SLP",2,40,5,1,2015,2,6,0,0,0,1,"Forb",11,8,4,"","Plants for Transect 2 are marked with Transect 1's tags (eg S-1-x-x)",0,"",0,NA,NA,NA,NA,NA,NA,92.1533845053006,TRUE,2,21.4402259025804
"498","SLP",2,40,5,2,2015,6,0,0,0,3,0,"",12,11,5.5,"","Plants for Transect 2 are marked with Transect 1's tags (eg S-1-x-x)",0,"",0,NA,NA,NA,NA,NA,NA,190.066355542182,TRUE,2,21.4402259025804
"499","SLP",2,40,5,3,2015,8,0,0,0,0,1,"Forb",13,11.5,5.5,"","Plants for Transect 2 are marked with Transect 1's tags (eg S-1-x-x)",0,"",0,NA,NA,NA,NA,NA,NA,215.264546617851,TRUE,2,21.4402259025804
"500","SLP",2,40,5,4,2015,5,0,0,0,3,1,"Forb",13,20,8,"","Plants for Transect 2 are marked with Transect 1's tags (eg S-1-x-x)",0,"",0,NA,NA,NA,NA,NA,NA,544.542726622231,TRUE,2,21.4402259025804
"501","SLP",2,5,1,2,2015,9,0,0,0,0,0,"",11,18,11,"","Plants for Transect 2 are marked with Transect 1's tags (eg S-1-x-x)",0,"",0,NA,NA,NA,NA,NA,NA,570.199066626547,TRUE,9,108.682924217095
"502","SLP",2,5,1,1,2015,9,0,0,0,0,0,"",10,11.5,8,"","Plants for Transect 2 are marked with Transect 1's tags (eg S-1-x-x)",0,"",0,NA,NA,NA,NA,NA,NA,240.855436775217,TRUE,9,108.682924217095
"503","SLP",2,5,1,3,2015,9,0,0,0,0,0,"",10,15,9,"","Plants for Transect 2 are marked with Transect 1's tags (eg S-1-x-x)",0,"",0,NA,NA,NA,NA,NA,NA,353.429173528852,TRUE,9,108.682924217095
"504","SLP",2,5,1,4,2015,9,0,0,0,0,0,"",13,17,8,"","Plants for Transect 2 are marked with Transect 1's tags (eg S-1-x-x)",0,"",0,NA,NA,NA,NA,NA,NA,462.861317628896,TRUE,9,108.682924217095
"505","SLP",2,500,12,1,2015,7,0,1,0,0,1,"Forb",18,13,7,"","Plants for Transect 2 are marked with Transect 1's tags (eg S-1-x-x)",0,"",0,NA,NA,NA,NA,NA,NA,428.827397215007,TRUE,0,0
"506","SLP",2,500,12,2,2015,7,0,1,0,0,1,"Forb",13,10,8,"","Plants for Transect 2 are marked with Transect 1's tags (eg S-1-x-x)",0,"",0,NA,NA,NA,NA,NA,NA,272.271363311115,TRUE,0,0
"507","SLP",2,500,12,3,2015,7,0,2,0,0,0,"",8,13,6,"","Plants for Transect 2 are marked with Transect 1's tags (eg S-1-x-x)",0,"",0,NA,NA,NA,NA,NA,NA,163.362817986669,TRUE,0,0
"508","SLP",2,500,12,4,2015,6,0,2,0,0,1,"Forb",9,12,9.5,"","Plants for Transect 2 are marked with Transect 1's tags (eg S-1-x-x)",0,"",0,NA,NA,NA,NA,NA,NA,268.606171881927,TRUE,0,0
"509","SLP",2,85,6,1,2015,9,0,0,0,0,0,"",6,7,8,"","Plants for Transect 2 are marked with Transect 1's tags (eg S-1-x-x)",0,"",0,NA,NA,NA,NA,NA,NA,87.9645943005142,TRUE,2,27.3129558745053
"510","SLP",2,85,6,2,2015,9,0,0,0,0,0,"",11,12,10,"","Plants for Transect 2 are marked with Transect 1's tags (eg S-1-x-x)",0,"",0,NA,NA,NA,NA,NA,NA,345.575191894877,TRUE,2,27.3129558745053
"511","SLP",2,85,6,3,2015,9,0,0,0,0,0,"",7,10,6,"","Plants for Transect 2 are marked with Transect 1's tags (eg S-1-x-x)",0,"",0,NA,NA,NA,NA,NA,NA,109.955742875643,TRUE,2,27.3129558745053
"512","SLP",2,85,6,4,2015,9,0,0,0,0,0,"",12,15,10,"","Plants for Transect 2 are marked with Transect 1's tags (eg S-1-x-x)",0,"",0,NA,NA,NA,NA,NA,NA,471.238898038469,TRUE,2,27.3129558745053
"513","SLP",3,105,7,1,2015,7,0,2,0,0,0,"",24,12,7,"","",0,"",0,NA,NA,NA,NA,NA,NA,527.787565803085,TRUE,5,56.2953759139866
"514","SLP",3,105,7,2,2015,7,0,2,0,0,0,"",10,18.5,11,"","",0,"",0,NA,NA,NA,NA,NA,NA,532.761754171269,TRUE,5,56.2953759139866
"515","SLP",3,105,7,3,2015,5,2,1,0,1,0,"",9,13,9,"","",0,"",0,NA,NA,NA,NA,NA,NA,275.674755352504,TRUE,5,56.2953759139866
"516","SLP",3,105,7,4,2015,8,0,1,0,0,0,"",16,8,6.5,"","",0,"",0,NA,NA,NA,NA,NA,NA,217.817090648892,TRUE,5,56.2953759139866
"517","SLP",3,115,8,1,2015,9,0,0,0,0,0,"",14,16,8,"","",0,"",0,NA,NA,NA,NA,NA,NA,469.144502936076,TRUE,0,0
"518","SLP",3,115,8,2,2015,8,0,0,0,1,0,"",11,14.5,4.5,"","",0,"",0,NA,NA,NA,NA,NA,NA,187.906510592839,TRUE,0,0
"519","SLP",3,115,8,3,2015,9,0,0,0,0,0,"",7.5,10.5,8,"","",0,"",0,NA,NA,NA,NA,NA,NA,164.933614313464,TRUE,0,0
"520","SLP",3,115,8,4,2015,9,0,0,0,0,0,"",8,12,12,"","",0,"",0,NA,NA,NA,NA,NA,NA,301.59289474462,TRUE,0,0
"521","SLP",3,125,9,1,2015,9,0,0,0,0,0,"",12,17,13,"","",0,"",0,NA,NA,NA,NA,NA,NA,694.291976443344,TRUE,0,0
"522","SLP",3,125,9,2,2015,8,0,0,1,0,0,"",16.5,16,6,"","",0,"",0,NA,NA,NA,NA,NA,NA,414.690230273853,TRUE,0,0
"523","SLP",3,125,9,3,2015,9,0,0,0,0,0,"",11,15,11,"","",0,"",0,NA,NA,NA,NA,NA,NA,475.165888855456,TRUE,0,0
"524","SLP",3,125,9,4,2015,9,0,0,0,0,0,"",14,11,10,"","",0,"",0,NA,NA,NA,NA,NA,NA,403.17105721069,TRUE,0,0
"525","SLP",3,20,1,1,2015,5,0,0,0,4,0,"",11,11,9.5,"","",0,"",0,NA,NA,NA,NA,NA,NA,300.938396275122,TRUE,9,91.1881797471578
"526","SLP",3,20,1,2,2015,5,0,0,0,4,0,"",17,12,9,"","",0,"",0,NA,NA,NA,NA,NA,NA,480.663675999238,TRUE,9,91.1881797471578
"527","SLP",3,20,1,3,2015,7,1,1,0,0,0,"",8,19,6.5,"","",0,"",0,NA,NA,NA,NA,NA,NA,258.65779514556,TRUE,9,91.1881797471578
"528","SLP",3,20,1,4,2015,4,2,0,0,3,0,"",15,12,11,"","",0,"",0,NA,NA,NA,NA,NA,NA,518.362787842316,TRUE,9,91.1881797471578
"529","SLP",3,225,10,1,2015,5,0,0,4,0,0,"",9,12,7,"","",0,"",0,NA,NA,NA,NA,NA,NA,197.920337176157,TRUE,2,24.8141343337049
"530","SLP",3,225,10,2,2015,6,0,0,3,0,0,"",11,12.5,16,"","",0,"",0,NA,NA,NA,NA,NA,NA,575.958653158129,TRUE,2,24.8141343337049
"531","SLP",3,225,10,3,2015,4,0,1,4,0,0,"",7,11.5,7.5,"","",0,"",0,NA,NA,NA,NA,NA,NA,158.061380383736,TRUE,2,24.8141343337049
"532","SLP",3,225,10,4,2015,7,0,0,2,0,0,"",13,6,5,"","",0,"",0,NA,NA,NA,NA,NA,NA,102.101761241668,TRUE,2,24.8141343337049
"533","SLP",3,25,2,1,2015,5,0,0,0,2,2,"Spirobolis; forb",31,28,7,"","",0,"",0,NA,NA,NA,NA,NA,NA,1590.69308026763,TRUE,11,114.510438513901
"534","SLP",3,25,2,2,2015,6,0,0,0,3,0,"Spirobolis",11.5,15.5,5,"","",0,"",0,NA,NA,NA,NA,NA,NA,233.328704375992,TRUE,11,114.510438513901
"535","SLP",3,25,2,3,2015,5,0,0,0,4,0,"Spirobolis",12,10,5,"","",0,"",0,NA,NA,NA,NA,NA,NA,157.07963267949,TRUE,11,114.510438513901
"536","SLP",3,25,2,4,2015,5,0,0,0,4,0,"Spirobolis",7,13,6.5,"","",0,"",0,NA,NA,NA,NA,NA,NA,154.854337883197,TRUE,11,114.510438513901
"537","SLP",3,250,11,1,2015,9,0,0,0,0,0,"",19,7,12,"","",0,"",0,NA,NA,NA,NA,NA,NA,417.831822927442,TRUE,1,11.7111115757745
"538","SLP",3,250,11,2,2015,8,0,0,1,0,0,"",9.5,13.5,9,"","",0,"",0,NA,NA,NA,NA,NA,NA,302.181943367168,TRUE,1,11.7111115757745
"539","SLP",3,250,11,3,2015,8,0,0,0,0,1,"Forb",7,12,6,"","",0,"",0,NA,NA,NA,NA,NA,NA,131.946891450771,TRUE,1,11.7111115757745
"540","SLP",3,250,11,4,2015,7,0,0,0,0,2,"Forb",10,7,6,"","",0,"",0,NA,NA,NA,NA,NA,NA,109.955742875643,TRUE,1,11.7111115757745
"541","SLP",3,265,12,1,2015,8,0,0,0,0,1,"Forb",8,2,2,"","",0,"",0,NA,NA,NA,NA,NA,NA,8.37758040957278,TRUE,0,0
"542","SLP",3,265,12,2,2015,3,0,0,5,0,1,"Forb",16,8,6,"","",0,"",0,NA,NA,NA,NA,NA,NA,201.061929829747,TRUE,0,0
"543","SLP",3,265,12,3,2015,5,0,0,2,0,2,"Forb",10,11,11,"","",0,"",0,NA,NA,NA,NA,NA,NA,316.777259236971,TRUE,0,0
"544","SLP",3,265,12,4,2015,3,0,0,6,0,0,"",9.5,13,11,"","",0,"",0,NA,NA,NA,NA,NA,NA,355.654468325144,TRUE,0,0
"545","SLP",3,30,3,1,2015,5,2,0,0,2,0,"",9,13,8.5,"","",0,"",0,NA,NA,NA,NA,NA,NA,260.359491166254,TRUE,6,63.0550960419297
"546","SLP",3,30,3,2,2015,3,6,0,0,0,0,"",12,12,6,"","",0,"",0,NA,NA,NA,NA,NA,NA,226.194671058465,TRUE,6,63.0550960419297
"547","SLP",3,30,3,3,2015,8,0,0,0,0,1,"Forb",7,12,11,"","",0,"",0,NA,NA,NA,NA,NA,NA,241.902634326414,TRUE,6,63.0550960419297
"548","SLP",3,30,3,4,2015,6,2,0,0,0,1,"Forb",13,20,12,"","",0,"",0,NA,NA,NA,NA,NA,NA,816.814089933346,TRUE,6,63.0550960419297
"549","SLP",3,35,4,1,2015,4,5,0,0,0,0,"",13.5,12,7,"","",0,"",0,NA,NA,NA,NA,NA,NA,296.880505764235,TRUE,9,95.9795131854921
"550","SLP",3,35,4,2,2015,5,0,0,0,4,0,"",10,17,8.5,"","",0,"",0,NA,NA,NA,NA,NA,NA,378.300115369771,TRUE,9,95.9795131854921
"551","SLP",3,35,4,3,2015,7,0,0,0,2,0,"",12,18.5,18,"","",0,"",0,NA,NA,NA,NA,NA,NA,1046.1503536454,TRUE,9,95.9795131854921
"552","SLP",3,35,4,4,2015,5,0,0,0,3,1,"Forb",6,11,8,"","",0,"",0,NA,NA,NA,NA,NA,NA,138.230076757951,TRUE,9,95.9795131854921
"553","SLP",3,50,5,1,2015,6,1,0,0,2,0,"",9,9.5,9,"","",0,"",0,NA,NA,NA,NA,NA,NA,201.454628911445,TRUE,7,76.233670253697
"554","SLP",3,50,5,2,2015,7,0,1,0,1,0,"",20,12,7,"","",0,"",0,NA,NA,NA,NA,NA,NA,439.822971502571,TRUE,7,76.233670253697
"555","SLP",3,50,5,3,2015,3,6,0,0,0,0,"",10,11,8,"","",0,"",0,NA,NA,NA,NA,NA,NA,230.383461263251,TRUE,7,76.233670253697
"556","SLP",3,50,5,4,2015,2,3,4,0,0,0,"",20,14.5,4,"","",0,"",0,NA,NA,NA,NA,NA,NA,303.687289847013,TRUE,7,76.233670253697
"557","SLP",3,75,6,1,2015,8,0,1,0,0,0,"",14,15,7,"","",0,"",0,NA,NA,NA,NA,NA,NA,384.84510006475,TRUE,4,46.2030670749711
"558","SLP",3,75,6,2,2015,7,0,2,0,0,0,"",16.5,10,8,"","",0,"",0,NA,NA,NA,NA,NA,NA,345.575191894877,TRUE,4,46.2030670749711
"559","SLP",3,75,6,3,2015,7,0,2,0,0,0,"",15,17,12,"","",0,"",0,NA,NA,NA,NA,NA,NA,801.106126665397,TRUE,4,46.2030670749711
"560","SLP",3,75,6,4,2015,2,0,7,0,0,0,"",21.5,9.5,6,"","",0,"",0,NA,NA,NA,NA,NA,NA,320.835149747858,TRUE,4,46.2030670749711
